tower_0/v/xentropy/sparse_softmax_cross_entropy_loss/Greater	Const	GPU-0	 0:(none)->(1) -t f32	[[0, 0, 2000, 0, 0, 0, 0, 0, 1, 0, 0, 0, [1552507678750811000, 1552507678750811000, 1552507678750813000, 1552507678750814000]]]	tower_0/v/xentropy/sparse_softmax_cross_entropy_loss/Greater@GPU-0@ 0:(none)->(1) -t f32
tower_0/v/cg/affine0/xw_plus_b	BiasAdd	GPU-0	 0:(128x4096) 1:(4096)->(128x4096) -t f16 -data_format NHWC	[[35000, 0, 55000, 0, 0, 0, 1, 0, 1, 0, 0, 0, [1552507678808128000, 1552507678808128000, 1552507678808163000, 1552507678808163000]]]	tower_0/v/cg/affine0/xw_plus_b@GPU-0@ 0:(128x4096) 1:(4096)->(128x4096) -t f16 -data_format NHWC
tower_0/v/cg/mpool0/MaxPool	MaxPool	GPU-0	 0:(128x64x55x55)->(128x64x27x27) -t f16 -data_format NHWC -ksize list { i: 1 i: 3 i: 3 i: 1} -strides 1 2 2 1	[[1194000, 0, 1237000, 0, 0, 0, 1, 0, 1, 0, 0, 0, [1552507678773156000, 1552507678773156000, 1552507678774350000, 1552507678774350000]]]	tower_0/v/cg/mpool0/MaxPool@GPU-0@ 0:(128x64x55x55)->(128x64x27x27) -t f16 -data_format NHWC -ksize list { i: 1 i: 3 i: 3 i: 1} -strides 1 2 2 1
tower_0/v/gradients/tower_0/v/cg/mpool1/MaxPool_grad/MaxPoolGrad	MaxPoolGrad	GPU-0	 0:(128x192x27x27) 1:(128x192x13x13) 2:(128x192x13x13)->(128x192x27x27) -t f16 -data_format NHWC -ksize list { i: 1 i: 3 i: 3 i: 1} -strides 1 2 2 1	[[1274000, 0, 1303000, 0, 0, 0, 1, 0, 1, 0, 0, 0, [1552507678879578000, 1552507678879578000, 1552507678880852000, 1552507678880852000]]]	tower_0/v/gradients/tower_0/v/cg/mpool1/MaxPool_grad/MaxPoolGrad@GPU-0@ 0:(128x192x27x27) 1:(128x192x13x13) 2:(128x192x13x13)->(128x192x27x27) -t f16 -data_format NHWC -ksize list { i: 1 i: 3 i: 3 i: 1} -strides 1 2 2 1
Cast_3	Cast	GPU-0	 0:(3x3x384x384)->(3x3x384x384) -DstT f16 -SrcT f32	[[54000, 0, 70000, 0, 0, 0, 1, 0, 1, 0, 0, 0, [1552507678762452000, 1552507678762452000, 1552507678762506000, 1552507678762506000]]]	Cast_3@GPU-0@ 0:(3x3x384x384)->(3x3x384x384) -DstT f16 -SrcT f32
tower_0/v/mul_15	Mul	GPU-0	 0:(4096) 1:(1)->(4096) -t f32	[[2000, 0, 24000, 0, 0, 0, 1, 0, 1, 0, 0, 0, [1552507678817847000, 1552507678817847000, 1552507678817849000, 1552507678817849000]]]	tower_0/v/mul_15@GPU-0@ 0:(4096) 1:(1)->(4096) -t f32
_retval_average_loss/Mean_0_0	_Retval	CPU-0	 0:(1)->(none)	[[0, 0, 0, 1000, 0, 0, 0, 0, 0, 1, 0, 0, [1552507678817932000, 1552507678817933000, 1552507678817934000, 1552507678817936000]]]	_retval_average_loss/Mean_0_0@CPU-0@ 0:(1)->(none)
tower_0/v/cg/affine1/affine1	Relu	GPU-0	 0:(128x4096)->(128x4096) -t f16	[[7000, 0, 23000, 0, 0, 0, 1, 0, 1, 0, 0, 0, [1552507678809569000, 1552507678809569000, 1552507678809576000, 1552507678809576000]]]	tower_0/v/cg/affine1/affine1@GPU-0@ 0:(128x4096)->(128x4096) -t f16
v/cg/affine1/weights	VariableV2	GPU-0	 0:(none)->(4096x4096) -t f32	[[0, 0, 2000, 0, 0, 0, 0, 0, 1, 0, 0, 0, [1552507678750849000, 1552507678750849000, 1552507678750851000, 1552507678750852000]]]	v/cg/affine1/weights@GPU-0@ 0:(none)->(4096x4096) -t f32
ConstantFolding/tower_0/v/gradients/tower_0/v/cg/conv1/conv2d/Conv2D_grad/ShapeN-matshapes-1	ShapeN-matshapes-1	GPU-0	 0:(5x5x64x192) 1:(128x64x27x27)->(4)	[[0, 0, 1000, 0, 0, 0, 0, 0, 1, 0, 0, 0, [1552507678774391000, 1552507678774392000, 1552507678774393000, 1552507678774395000]]]	ConstantFolding/tower_0/v/gradients/tower_0/v/cg/conv1/conv2d/Conv2D_grad/ShapeN-matshapes-1@GPU-0@ 0:(5x5x64x192) 1:(128x64x27x27)->(4)
average_loss/Mean	Mean	GPU-0	 0:(1) 1:(1)->(1) -t f32 -Tidx i32 -keep_dims b: 0	[[0, 0, 2000, 0, 0, 0, 0, 0, 1, 0, 0, 0, [1552507678816383000, 1552507678816384000, 1552507678816386000, 1552507678816387000]]]	average_loss/Mean@GPU-0@ 0:(1) 1:(1)->(1) -t f32 -Tidx i32 -keep_dims b: 0
main_fetch_group/_43	Identity	CPU-0	 0:(none)->(1)	[[0, 0, 0, 1000, 0, 0, 0, 0, 0, 1, 0, 0, [1552507678904329000, 1552507678904330000, 1552507678904331000, 1552507678904335000]]]	main_fetch_group/_43@CPU-0@ 0:(none)->(1)
tower_0/v/gradients/tower_0/v/cg/conv4/Cast_grad/Cast	Cast	GPU-0	 0:(256)->(256) -DstT f32 -SrcT f16	[[2000, 0, 20000, 0, 0, 0, 1, 0, 1, 0, 0, 0, [1552507678849888000, 1552507678849888000, 1552507678849890000, 1552507678849890000]]]	tower_0/v/gradients/tower_0/v/cg/conv4/Cast_grad/Cast@GPU-0@ 0:(256)->(256) -DstT f32 -SrcT f16
tower_0/v/mul_6	Mul	GPU-0	 0:(3x3x192x384) 1:(1)->(3x3x192x384) -t f32	[[35000, 0, 51000, 0, 0, 0, 1, 0, 1, 0, 0, 0, [1552507678892450000, 1552507678892450000, 1552507678892485000, 1552507678892485000]]]	tower_0/v/mul_6@GPU-0@ 0:(3x3x192x384) 1:(1)->(3x3x192x384) -t f32
tower_0/v/gradients/AddN_12	AddN	GPU-0	 0:(192) 1:(192)->(192) -N i: 2 -t f32	[[2000, 0, 19000, 0, 0, 0, 1, 0, 1, 0, 0, 0, [1552507678895824000, 1552507678895824000, 1552507678895826000, 1552507678895826000]]]	tower_0/v/gradients/AddN_12@GPU-0@ 0:(192) 1:(192)->(192) -N i: 2 -t f32
tower_0/v/l2_loss/L2Loss_1	L2Loss	GPU-0	 0:(64)->(1) -t f32	[[2000, 0, 229000, 0, 0, 0, 1, 0, 1, 0, 0, 0, [1552507678761971000, 1552507678761971000, 1552507678761973000, 1552507678761973000]]]	tower_0/v/l2_loss/L2Loss_1@GPU-0@ 0:(64)->(1) -t f32
tower_0/v/Cast	Cast	GPU-0	 0:(128x1001)->(128x1001) -DstT f32 -SrcT f16	[[3000, 0, 21000, 0, 0, 0, 1, 0, 1, 0, 0, 0, [1552507678810090000, 1552507678810090000, 1552507678810093000, 1552507678810093000]]]	tower_0/v/Cast@GPU-0@ 0:(128x1001)->(128x1001) -DstT f32 -SrcT f16
append_apply_gradient_ops/GradientDescent/update_v/cg/conv0/biases/ApplyGradientDescent	ApplyGradientDescent	GPU-0	 0:(64) 1:(1) 2:(64)->(64) -t f32 -use_locking 0	[[2000, 0, 18000, 0, 0, 0, 1, 0, 1, 0, 0, 0, [1552507678904155000, 1552507678904155000, 1552507678904157000, 1552507678904157000]]]	append_apply_gradient_ops/GradientDescent/update_v/cg/conv0/biases/ApplyGradientDescent@GPU-0@ 0:(64) 1:(1) 2:(64)->(64) -t f32 -use_locking 0
tower_0/v/gradients/tower_0/v/xentropy/sparse_softmax_cross_entropy_loss/Sum_grad/Const	Const	GPU-0	 0:(none)->(1) -t i32	[[0, 0, 1000, 0, 0, 0, 0, 0, 1, 0, 0, 0, [1552507678750832000, 1552507678750832000, 1552507678750833000, 1552507678750834000]]]	tower_0/v/gradients/tower_0/v/xentropy/sparse_softmax_cross_entropy_loss/Sum_grad/Const@GPU-0@ 0:(none)->(1) -t i32
tower_0/v/cg/affine0/Cast_1	Cast	GPU-0	 0:(4096)->(4096) -DstT f16 -SrcT f32	[[1000, 0, 19000, 0, 0, 0, 1, 0, 1, 0, 0, 0, [1552507678756007000, 1552507678756007000, 1552507678756008000, 1552507678756008000]]]	tower_0/v/cg/affine0/Cast_1@GPU-0@ 0:(4096)->(4096) -DstT f16 -SrcT f32
tower_0/v/gradients/tower_0/v/cg/conv1/BiasAdd_grad/BiasAddGrad	BiasAddGrad	GPU-0	 0:(128x192x27x27)->(192) -t f16 -data_format NHWC	[[618000, 0, 649000, 0, 0, 0, 1, 0, 1, 0, 0, 0, [1552507678886863000, 1552507678886863000, 1552507678887481000, 1552507678887481000]]]	tower_0/v/gradients/tower_0/v/cg/conv1/BiasAdd_grad/BiasAddGrad@GPU-0@ 0:(128x192x27x27)->(192) -t f16 -data_format NHWC
tower_0/v/truediv_11	Reciprocal	GPU-0	 0:(1)->(1) -t f32	[[3000, 0, 26000, 0, 0, 0, 1, 0, 1, 0, 0, 0, [1552507678762040000, 1552507678762040000, 1552507678762043000, 1552507678762043000]]]	tower_0/v/truediv_11@GPU-0@ 0:(1)->(1) -t f32
tower_0/v/cg/conv0/Relu	Relu	GPU-0	 0:(128x64x55x55)->(128x64x55x55) -t f16	[[678000, 0, 697000, 0, 0, 0, 1, 0, 1, 0, 0, 0, [1552507678772439000, 1552507678772439000, 1552507678773117000, 1552507678773117000]]]	tower_0/v/cg/conv0/Relu@GPU-0@ 0:(128x64x55x55)->(128x64x55x55) -t f16
tower_0/v/gradients/tower_0/v/cg/conv4/BiasAdd_grad/BiasAddGrad	BiasAddGrad	GPU-0	 0:(128x256x13x13)->(256) -t f16 -data_format NHWC	[[207000, 0, 238000, 0, 0, 0, 1, 0, 1, 0, 0, 0, [1552507678843193000, 1552507678843193000, 1552507678843400000, 1552507678843400000]]]	tower_0/v/gradients/tower_0/v/cg/conv4/BiasAdd_grad/BiasAddGrad@GPU-0@ 0:(128x256x13x13)->(256) -t f16 -data_format NHWC
PermConstNCHWToNHWC-LayoutOptimizer	Const	GPU-0	 0:(none)->(4)	[[0, 0, 1000, 0, 0, 0, 0, 0, 1, 0, 0, 0, [1552507678750872000, 1552507678750872000, 1552507678750873000, 1552507678750874000]]]	PermConstNCHWToNHWC-LayoutOptimizer@GPU-0@ 0:(none)->(4)
append_apply_gradient_ops/GradientDescent/update_v/cg/conv3/biases/ApplyGradientDescent	ApplyGradientDescent	GPU-0	 0:(384) 1:(1) 2:(384)->(384) -t f32 -use_locking 0	[[2000, 0, 19000, 0, 0, 0, 1, 0, 1, 0, 0, 0, [1552507678882373000, 1552507678882373000, 1552507678882375000, 1552507678882375000]]]	append_apply_gradient_ops/GradientDescent/update_v/cg/conv3/biases/ApplyGradientDescent@GPU-0@ 0:(384) 1:(1) 2:(384)->(384) -t f32 -use_locking 0
tower_0/v/cg/dropout0_1/dropout/dropout/Floor	Floor	GPU-0	 0:(128x4096)->(128x4096) -t f16	[[20000, 0, 39000, 0, 0, 0, 1, 0, 1, 0, 0, 0, [1552507678768862000, 1552507678768862000, 1552507678768882000, 1552507678768882000]]]	tower_0/v/cg/dropout0_1/dropout/dropout/Floor@GPU-0@ 0:(128x4096)->(128x4096) -t f16
append_apply_gradient_ops/GradientDescent/update_v/cg/conv1/conv2d/kernel/ApplyGradientDescent	ApplyGradientDescent	GPU-0	 0:(5x5x64x192) 1:(1) 2:(5x5x64x192)->(5x5x64x192) -t f32 -use_locking 0	[[24000, 0, 40000, 0, 0, 0, 1, 0, 1, 0, 0, 0, [1552507678904018000, 1552507678904018000, 1552507678904042000, 1552507678904042000]]]	append_apply_gradient_ops/GradientDescent/update_v/cg/conv1/conv2d/kernel/ApplyGradientDescent@GPU-0@ 0:(5x5x64x192) 1:(1) 2:(5x5x64x192)->(5x5x64x192) -t f32 -use_locking 0
tower_0/v/gradients/tower_0/v/cg/affine0/affine0_grad/ReluGrad	ReluGrad	GPU-0	 0:(128x4096) 1:(128x4096)->(128x4096) -t f16	[[34000, 0, 53000, 0, 0, 0, 1, 0, 1, 0, 0, 0, [1552507678817727000, 1552507678817727000, 1552507678817761000, 1552507678817761000]]]	tower_0/v/gradients/tower_0/v/cg/affine0/affine0_grad/ReluGrad@GPU-0@ 0:(128x4096) 1:(128x4096)->(128x4096) -t f16
ConstantFolding/tower_0/v/cg/dropout0_1/dropout/dropout/div_recip	Const	GPU-0	 0:(none)->(1)	[[0, 0, 1000, 0, 0, 0, 0, 0, 1, 0, 0, 0, [1552507678750869000, 1552507678750869000, 1552507678750870000, 1552507678750871000]]]	ConstantFolding/tower_0/v/cg/dropout0_1/dropout/dropout/div_recip@GPU-0@ 0:(none)->(1)
tower_0/v/gradients/tower_0/v/cg/affine1/xw_plus_b_grad/BiasAddGrad	BiasAddGrad	GPU-0	 0:(128x4096)->(4096) -t f16 -data_format NHWC	[[44000, 0, 70000, 0, 0, 0, 1, 0, 1, 0, 0, 0, [1552507678812386000, 1552507678812386000, 1552507678812430000, 1552507678812430000]]]	tower_0/v/gradients/tower_0/v/cg/affine1/xw_plus_b_grad/BiasAddGrad@GPU-0@ 0:(128x4096)->(4096) -t f16 -data_format NHWC
tower_0/v/cg/Reshape	Reshape	GPU-0	 0:(128x6x6x256) 1:(2)->(128x9216) -t f16 -Tshape i32	[[0, 0, 3000, 0, 0, 0, 0, 0, 1, 0, 0, 0, [1552507678805443000, 1552507678805444000, 1552507678805447000, 1552507678805449000]]]	tower_0/v/cg/Reshape@GPU-0@ 0:(128x6x6x256) 1:(2)->(128x9216) -t f16 -Tshape i32
append_apply_gradient_ops/GradientDescent/update_v/cg/conv1/biases/ApplyGradientDescent	ApplyGradientDescent	GPU-0	 0:(192) 1:(1) 2:(192)->(192) -t f32 -use_locking 0	[[2000, 0, 19000, 0, 0, 0, 1, 0, 1, 0, 0, 0, [1552507678903993000, 1552507678903993000, 1552507678903995000, 1552507678903995000]]]	append_apply_gradient_ops/GradientDescent/update_v/cg/conv1/biases/ApplyGradientDescent@GPU-0@ 0:(192) 1:(1) 2:(192)->(192) -t f32 -use_locking 0
global_step	VariableV2	CPU-0	 0:(none)->(1) -t i64	[[0, 0, 0, 8000, 0, 0, 0, 0, 0, 1, 0, 0, [1552507678750700000, 1552507678750700000, 1552507678750708000, 1552507678750718000]]]	global_step@CPU-0@ 0:(none)->(1) -t i64
tower_0/v/gradients/tower_0/v/cg/conv1/Cast_grad/Cast	Cast	GPU-0	 0:(192)->(192) -DstT f32 -SrcT f16	[[2000, 0, 22000, 0, 0, 0, 1, 0, 1, 0, 0, 0, [1552507678894012000, 1552507678894012000, 1552507678894014000, 1552507678894014000]]]	tower_0/v/gradients/tower_0/v/cg/conv1/Cast_grad/Cast@GPU-0@ 0:(192)->(192) -DstT f32 -SrcT f16
tower_0/v/cg/dropout0_1/dropout/dropout/random_uniform/mul	Snapshot	GPU-0	 0:(128x4096)->(128x4096) -t f16	[[0, 0, 3000, 0, 0, 0, 0, 0, 1, 0, 0, 0, [1552507678755947000, 1552507678755947000, 1552507678755950000, 1552507678755951000]]]	tower_0/v/cg/dropout0_1/dropout/dropout/random_uniform/mul@GPU-0@ 0:(128x4096)->(128x4096) -t f16
tower_0/v/cg/conv0/Cast	Cast	GPU-0	 0:(64)->(64) -DstT f16 -SrcT f32	[[2000, 0, 38000, 0, 0, 0, 1, 0, 1, 0, 0, 0, [1552507678762015000, 1552507678762015000, 1552507678762017000, 1552507678762017000]]]	tower_0/v/cg/conv0/Cast@GPU-0@ 0:(64)->(64) -DstT f16 -SrcT f32
ConstantFolding/tower_0/v/xentropy/sparse_softmax_cross_entropy_loss/div_recip	Const	GPU-0	 0:(none)->(1)	[[0, 0, 1000, 0, 0, 0, 0, 0, 1, 0, 0, 0, [1552507678750815000, 1552507678750815000, 1552507678750816000, 1552507678750817000]]]	ConstantFolding/tower_0/v/xentropy/sparse_softmax_cross_entropy_loss/div_recip@GPU-0@ 0:(none)->(1)
tower_0/v/gradients/tower_0/v/l2_loss/L2Loss_10_grad/mul	Mul	GPU-0	 0:(9216x4096) 1:(1)->(9216x4096) -t f32	[[1966000, 0, 1988000, 0, 0, 0, 1, 0, 1, 0, 0, 0, [1552507678751332000, 1552507678751332000, 1552507678753298000, 1552507678753298000]]]	tower_0/v/gradients/tower_0/v/l2_loss/L2Loss_10_grad/mul@GPU-0@ 0:(9216x4096) 1:(1)->(9216x4096) -t f32
tower_0/v/gradients/tower_0/v/cg/conv1/conv2d/Conv2D_grad/Conv2DBackpropInput-0-LayoutOptimizer	Const	GPU-0	 0:(none)->(4)	[[0, 0, 3000, 0, 0, 0, 0, 0, 1, 0, 0, 0, [1552507678774381000, 1552507678774383000, 1552507678774386000, 1552507678774389000]]]	tower_0/v/gradients/tower_0/v/cg/conv1/conv2d/Conv2D_grad/Conv2DBackpropInput-0-LayoutOptimizer@GPU-0@ 0:(none)->(4)
tower_0/v/gradients/AddN_1	AddN	GPU-0	 0:(4096x1001) 1:(4096x1001)->(4096x1001) -N i: 2 -t f32	[[314000, 0, 330000, 0, 0, 0, 1, 0, 1, 0, 0, 0, [1552507678811716000, 1552507678811716000, 1552507678812030000, 1552507678812030000]]]	tower_0/v/gradients/AddN_1@GPU-0@ 0:(4096x1001) 1:(4096x1001)->(4096x1001) -N i: 2 -t f32
append_apply_gradient_ops/GradientDescent/update_v/cg/affine1/biases/ApplyGradientDescent	ApplyGradientDescent	GPU-0	 0:(4096) 1:(1) 2:(4096)->(4096) -t f32 -use_locking 0	[[3000, 0, 23000, 0, 0, 0, 1, 0, 1, 0, 0, 0, [1552507678824541000, 1552507678824541000, 1552507678824544000, 1552507678824544000]]]	append_apply_gradient_ops/GradientDescent/update_v/cg/affine1/biases/ApplyGradientDescent@GPU-0@ 0:(4096) 1:(1) 2:(4096)->(4096) -t f32 -use_locking 0
tower_0/v/gradients/tower_0/v/cg/conv2/Cast_grad/Cast	Cast	GPU-0	 0:(384)->(384) -DstT f32 -SrcT f16	[[3000, 0, 21000, 0, 0, 0, 1, 0, 1, 0, 0, 0, [1552507678880883000, 1552507678880883000, 1552507678880886000, 1552507678880886000]]]	tower_0/v/gradients/tower_0/v/cg/conv2/Cast_grad/Cast@GPU-0@ 0:(384)->(384) -DstT f32 -SrcT f16
tower_0/v/mul_16	Mul	GPU-0	 0:(4096x1001) 1:(1)->(4096x1001) -t f32	[[215000, 0, 231000, 0, 0, 0, 1, 0, 1, 0, 0, 0, [1552507678812141000, 1552507678812141000, 1552507678812356000, 1552507678812356000]]]	tower_0/v/mul_16@GPU-0@ 0:(4096x1001) 1:(1)->(4096x1001) -t f32
tower_0/v/cg/affine2/Cast_1	Cast	GPU-0	 0:(1001)->(1001) -DstT f16 -SrcT f32	[[1000, 0, 43000, 0, 0, 0, 1, 0, 1, 0, 0, 0, [1552507678751289000, 1552507678751289000, 1552507678751290000, 1552507678751290000]]]	tower_0/v/cg/affine2/Cast_1@GPU-0@ 0:(1001)->(1001) -DstT f16 -SrcT f32
tower_0/v/gradients/AddN_9	AddN	GPU-0	 0:(3x3x384x384) 1:(3x3x384x384)->(3x3x384x384) -N i: 2 -t f32	[[100000, 0, 116000, 0, 0, 0, 1, 0, 1, 0, 0, 0, [1552507678879321000, 1552507678879321000, 1552507678879421000, 1552507678879421000]]]	tower_0/v/gradients/AddN_9@GPU-0@ 0:(3x3x384x384) 1:(3x3x384x384)->(3x3x384x384) -N i: 2 -t f32
append_apply_gradient_ops/GradientDescent	NoOp	GPU-0	 0:(none)->(none)	[[0, 0, 2000, 0, 0, 0, 0, 0, 1, 0, 0, 0, [1552507678904192000, 1552507678904193000, 1552507678904195000, 1552507678904196000]]]	append_apply_gradient_ops/GradientDescent@GPU-0@ 0:(none)->(none)
tower_0/v/gradients/tower_0/v/l2_loss/L2Loss_15_grad/mul	Mul	GPU-0	 0:(1001) 1:(1)->(1001) -t f32	[[2000, 0, 1416000, 0, 0, 0, 1, 0, 1, 0, 0, 0, [1552507678756047000, 1552507678756047000, 1552507678756049000, 1552507678756049000]]]	tower_0/v/gradients/tower_0/v/l2_loss/L2Loss_15_grad/mul@GPU-0@ 0:(1001) 1:(1)->(1001) -t f32
gpu_compute_stage_ops_group	NoOp	GPU-0	 0:(none)->(none)	[[0, 0, 2000, 0, 0, 0, 0, 0, 1, 0, 0, 0, [1552507678750788000, 1552507678750788000, 1552507678750790000, 1552507678750791000]]]	gpu_compute_stage_ops_group@GPU-0@ 0:(none)->(none)
tower_0/v/cg/affine1/Cast_1	Cast	GPU-0	 0:(4096)->(4096) -DstT f16 -SrcT f32	[[1000, 0, 44000, 0, 0, 0, 1, 0, 1, 0, 0, 0, [1552507678753719000, 1552507678753719000, 1552507678753720000, 1552507678753720000]]]	tower_0/v/cg/affine1/Cast_1@GPU-0@ 0:(4096)->(4096) -DstT f16 -SrcT f32
tower_0/v/gradients/tower_0/v/cg/conv0/conv2d/Conv2D_grad/Conv2DBackpropFilter	Conv2DBackpropFilter	GPU-0	 0:(128x3x227x227) 1:(4) 2:(128x64x55x55)->(11x11x3x64) -t f16 -data_format NHWC -strides list { i: 1 i: 4 i: 4 i: 1} -cudnn 1	[[6941000, 0, 7044000, 0, 0, 0, 1, 0, 1, 0, 0, 0, [1552507678896856000, 1552507678896856000, 1552507678903857000, 1552507678903857000]]]	tower_0/v/gradients/tower_0/v/cg/conv0/conv2d/Conv2D_grad/Conv2DBackpropFilter@GPU-0@ 0:(128x3x227x227) 1:(4) 2:(128x64x55x55)->(11x11x3x64) -t f16 -data_format NHWC -strides list { i: 1 i: 4 i: 4 i: 1} -cudnn 1
append_apply_gradient_ops/GradientDescent/update_v/cg/affine2/weights/ApplyGradientDescent	ApplyGradientDescent	GPU-0	 0:(4096x1001) 1:(1) 2:(4096x1001)->(4096x1001) -t f32 -use_locking 0	[[310000, 0, 326000, 0, 0, 0, 1, 0, 1, 0, 0, 0, [1552507678815197000, 1552507678815197000, 1552507678815507000, 1552507678815507000]]]	append_apply_gradient_ops/GradientDescent/update_v/cg/affine2/weights/ApplyGradientDescent@GPU-0@ 0:(4096x1001) 1:(1) 2:(4096x1001)->(4096x1001) -t f32 -use_locking 0
tower_0/v/gradients/tower_0/v/cg/conv3/conv2d/Conv2D_grad/Conv2DBackpropInput	Conv2DBackpropInput	GPU-0	 0:(4) 1:(3x3x384x384) 2:(128x384x13x13)->(128x384x13x13) -t f16 -data_format NHWC -p s -cudnn 1	[[8451000, 0, 8541000, 0, 0, 0, 1, 0, 1, 0, 0, 0, [1552507678849979000, 1552507678849979000, 1552507678858493000, 1552507678858493000]]]	tower_0/v/gradients/tower_0/v/cg/conv3/conv2d/Conv2D_grad/Conv2DBackpropInput@GPU-0@ 0:(4) 1:(3x3x384x384) 2:(128x384x13x13)->(128x384x13x13) -t f16 -data_format NHWC -p s -cudnn 1
tower_0/v/xentropy/sparse_softmax_cross_entropy_loss/Sum	Sum	GPU-0	 0:(128) 1:(1)->(1) -t f32 -Tidx i32 -keep_dims b: 0	[[2000, 0, 26000, 0, 0, 0, 1, 0, 1, 0, 0, 0, [1552507678810472000, 1552507678810472000, 1552507678810474000, 1552507678810474000]]]	tower_0/v/xentropy/sparse_softmax_cross_entropy_loss/Sum@GPU-0@ 0:(128) 1:(1)->(1) -t f32 -Tidx i32 -keep_dims b: 0
tower_0/v/gradients/tower_0/v/l2_loss/L2Loss_1_grad/mul	Mul	GPU-0	 0:(64) 1:(1)->(64) -t f32	[[2000, 0, 1377000, 0, 0, 0, 1, 0, 1, 0, 0, 0, [1552507678757687000, 1552507678757687000, 1552507678757689000, 1552507678757689000]]]	tower_0/v/gradients/tower_0/v/l2_loss/L2Loss_1_grad/mul@GPU-0@ 0:(64) 1:(1)->(64) -t f32
v/cg/conv1/conv2d/kernel	VariableV2	GPU-0	 0:(none)->(5x5x64x192) -t f32	[[0, 0, 1000, 0, 0, 0, 0, 0, 1, 0, 0, 0, [1552507678750904000, 1552507678750905000, 1552507678750906000, 1552507678750907000]]]	v/cg/conv1/conv2d/kernel@GPU-0@ 0:(none)->(5x5x64x192) -t f32
tower_0/v/cg/dropout0/dropout/dropout/random_uniform/mul	Snapshot	GPU-0	 0:(128x4096)->(128x4096) -t f16	[[0, 0, 1000, 0, 0, 0, 0, 0, 1, 0, 0, 0, [1552507678755954000, 1552507678755954000, 1552507678755955000, 1552507678755956000]]]	tower_0/v/cg/dropout0/dropout/dropout/random_uniform/mul@GPU-0@ 0:(128x4096)->(128x4096) -t f16
tower_0/v/gradients/tower_0/v/l2_loss/L2Loss_3_grad/mul	Mul	GPU-0	 0:(192) 1:(1)->(192) -t f32	[[2000, 0, 22000, 0, 0, 0, 1, 0, 1, 0, 0, 0, [1552507678757768000, 1552507678757768000, 1552507678757770000, 1552507678757770000]]]	tower_0/v/gradients/tower_0/v/l2_loss/L2Loss_3_grad/mul@GPU-0@ 0:(192) 1:(1)->(192) -t f32
tower_0/v/gradients/tower_0/v/l2_loss/L2Loss_12_grad/mul	Mul	GPU-0	 0:(4096x4096) 1:(1)->(4096x4096) -t f32	[[875000, 0, 908000, 0, 0, 0, 1, 0, 1, 0, 0, 0, [1552507678753753000, 1552507678753753000, 1552507678754628000, 1552507678754628000]]]	tower_0/v/gradients/tower_0/v/l2_loss/L2Loss_12_grad/mul@GPU-0@ 0:(4096x4096) 1:(1)->(4096x4096) -t f32
tower_0/v/gradients/tower_0/v/cg/conv1/Relu_grad/ReluGrad	ReluGrad	GPU-0	 0:(128x192x27x27) 1:(128x192x27x27)->(128x192x27x27) -t f16	[[1176000, 0, 1194000, 0, 0, 0, 1, 0, 1, 0, 0, 0, [1552507678881076000, 1552507678881076000, 1552507678882252000, 1552507678882252000]]]	tower_0/v/gradients/tower_0/v/cg/conv1/Relu_grad/ReluGrad@GPU-0@ 0:(128x192x27x27) 1:(128x192x27x27)->(128x192x27x27) -t f16
tower_0/v/gpu_cached_inputs/read	Identity	GPU-0	 0:(128x227x227x3)->(128x227x227x3) -t f16	[[0, 0, 1000, 0, 0, 0, 0, 0, 1, 0, 0, 0, [1552507678751173000, 1552507678751173000, 1552507678751174000, 1552507678751175000]]]	tower_0/v/gpu_cached_inputs/read@GPU-0@ 0:(128x227x227x3)->(128x227x227x3) -t f16
tower_0/v/gradients/tower_0/v/mul_1_grad/Mul	Snapshot	GPU-0	 0:(1)->(1) -t f32	[[0, 0, 41000, 0, 0, 0, 0, 0, 1, 0, 0, 0, [1552507678750984000, 1552507678750985000, 1552507678751026000, 1552507678751030000]]]	tower_0/v/gradients/tower_0/v/mul_1_grad/Mul@GPU-0@ 0:(1)->(1) -t f32
tower_0/v/gradients/tower_0/v/cg/dropout0/dropout/dropout/div_grad/RealDiv	Mul	GPU-0	 0:(128x4096) 1:(128x4096)->(128x4096) -t f16	[[23000, 0, 42000, 0, 0, 0, 1, 0, 1, 0, 0, 0, [1552507678816350000, 1552507678816350000, 1552507678816373000, 1552507678816373000]]]	tower_0/v/gradients/tower_0/v/cg/dropout0/dropout/dropout/div_grad/RealDiv@GPU-0@ 0:(128x4096) 1:(128x4096)->(128x4096) -t f16
loss_scale	VariableV2	CPU-0	 0:(none)->(1) -t f32	[[0, 0, 0, 7000, 0, 0, 0, 0, 0, 1, 0, 0, [1552507678750701000, 1552507678750701000, 1552507678750708000, 1552507678750715000]]]	loss_scale@CPU-0@ 0:(none)->(1) -t f32
tower_0/v/gradients/tower_0/v/xentropy/sparse_softmax_cross_entropy_loss/value_grad/Select	Select	GPU-0	 0:(1) 1:(1) 2:(1)->(1) -t f32	[[2000, 0, 32000, 0, 0, 0, 1, 0, 1, 0, 0, 0, [1552507678751270000, 1552507678751270000, 1552507678751272000, 1552507678751272000]]]	tower_0/v/gradients/tower_0/v/xentropy/sparse_softmax_cross_entropy_loss/value_grad/Select@GPU-0@ 0:(1) 1:(1) 2:(1)->(1) -t f32
v/cg/affine1/biases	VariableV2	GPU-0	 0:(none)->(4096) -t f32	[[0, 0, 2000, 0, 0, 0, 0, 0, 1, 0, 0, 0, [1552507678750845000, 1552507678750845000, 1552507678750847000, 1552507678750848000]]]	v/cg/affine1/biases@GPU-0@ 0:(none)->(4096) -t f32
tower_0/v/l2_loss/L2Loss_9	L2Loss	GPU-0	 0:(256)->(1) -t f32	[[2000, 0, 18000, 0, 0, 0, 1, 0, 1, 0, 0, 0, [1552507678762697000, 1552507678762697000, 1552507678762699000, 1552507678762699000]]]	tower_0/v/l2_loss/L2Loss_9@GPU-0@ 0:(256)->(1) -t f32
tower_0/v/gradients/tower_0/v/Cast_grad/Cast	Cast	GPU-0	 0:(128x1001)->(128x1001) -DstT f16 -SrcT f32	[[3000, 0, 21000, 0, 0, 0, 1, 0, 1, 0, 0, 0, [1552507678810499000, 1552507678810499000, 1552507678810502000, 1552507678810502000]]]	tower_0/v/gradients/tower_0/v/Cast_grad/Cast@GPU-0@ 0:(128x1001)->(128x1001) -DstT f16 -SrcT f32
tower_0/v/l2_loss/L2Loss_12	L2Loss	GPU-0	 0:(4096x4096)->(1) -t f32	[[414000, 0, 1360000, 0, 0, 0, 1, 0, 1, 0, 0, 0, [1552507678754657000, 1552507678754657000, 1552507678755086000, 1552507678755086000]]]	tower_0/v/l2_loss/L2Loss_12@GPU-0@ 0:(4096x4096)->(1) -t f32
tower_0/v/cg/dropout0/dropout/dropout/div	Mul	GPU-0	 0:(1) 1:(128x4096)->(128x4096) -t f16	[[19000, 0, 42000, 0, 0, 0, 1, 0, 1, 0, 0, 0, [1552507678808219000, 1552507678808219000, 1552507678808238000, 1552507678808238000]]]	tower_0/v/cg/dropout0/dropout/dropout/div@GPU-0@ 0:(1) 1:(128x4096)->(128x4096) -t f16
tower_0/v/gradients/tower_0/v/cg/affine2/xw_plus_b/MatMul_grad/MatMul_1	MatMul	GPU-0	 0:(128x4096) 1:(128x1001)->(4096x1001) -t f16 -tr_a 1 -tr_b 0	[[352000, 0, 377000, 0, 0, 0, 1, 0, 1, 0, 0, 0, [1552507678810610000, 1552507678810610000, 1552507678810962000, 1552507678810962000]]]	tower_0/v/gradients/tower_0/v/cg/affine2/xw_plus_b/MatMul_grad/MatMul_1@GPU-0@ 0:(128x4096) 1:(128x1001)->(4096x1001) -t f16 -tr_a 1 -tr_b 0
tower_0/v/gradients/tower_0/v/cg/mpool2/MaxPool_grad/MaxPoolGrad-2-TransposeNHWCToNCHW-LayoutOptimizer	Transpose	GPU-0	 0:(128x6x6x256) 1:(4)->(128x256x6x6)	[[76000, 0, 97000, 0, 0, 0, 1, 0, 1, 0, 0, 0, [1552507678830641000, 1552507678830641000, 1552507678830717000, 1552507678830717000]]]	tower_0/v/gradients/tower_0/v/cg/mpool2/MaxPool_grad/MaxPoolGrad-2-TransposeNHWCToNCHW-LayoutOptimizer@GPU-0@ 0:(128x6x6x256) 1:(4)->(128x256x6x6)
tower_0/v/gradients/tower_0/v/cg/conv1/conv2d/Conv2D_grad/Conv2DBackpropInput	Conv2DBackpropInput	GPU-0	 0:(4) 1:(5x5x64x192) 2:(128x192x27x27)->(128x64x27x27) -t f16 -data_format NHWC -p s -cudnn 1	[[4198000, 0, 4317000, 0, 0, 0, 1, 0, 1, 0, 0, 0, [1552507678882528000, 1552507678882528000, 1552507678886807000, 1552507678886807000]]]	tower_0/v/gradients/tower_0/v/cg/conv1/conv2d/Conv2D_grad/Conv2DBackpropInput@GPU-0@ 0:(4) 1:(5x5x64x192) 2:(128x192x27x27)->(128x64x27x27) -t f16 -data_format NHWC -p s -cudnn 1
tower_0/v/gradients/tower_0/v/cg/conv0/Cast_grad/Cast	Cast	GPU-0	 0:(64)->(64) -DstT f32 -SrcT f16	[[2000, 0, 18000, 0, 0, 0, 1, 0, 1, 0, 0, 0, [1552507678903947000, 1552507678903947000, 1552507678903949000, 1552507678903949000]]]	tower_0/v/gradients/tower_0/v/cg/conv0/Cast_grad/Cast@GPU-0@ 0:(64)->(64) -DstT f32 -SrcT f16
v/cg/conv1/biases/read	Identity	GPU-0	 0:(192)->(192) -t f32	[[0, 0, 1000, 0, 0, 0, 0, 0, 1, 0, 0, 0, [1552507678751186000, 1552507678751186000, 1552507678751187000, 1552507678751188000]]]	v/cg/conv1/biases/read@GPU-0@ 0:(192)->(192) -t f32
train_ops_group	NoOp	GPU-0	 0:(none)->(none)	[[0, 0, 500, 0, 0, 0, 0, 0, 1, 0, 0, 0, [1552507678904199000, 1552507678904199200, 1552507678904199700, 1552507678904201000]]]	train_ops_group@GPU-0@ 0:(none)->(none)
v/cg/conv3/conv2d/kernel/read	Identity	GPU-0	 0:(3x3x384x384)->(3x3x384x384) -t f32	[[0, 0, 1000, 0, 0, 0, 0, 0, 1, 0, 0, 0, [1552507678751196000, 1552507678751196000, 1552507678751197000, 1552507678751198000]]]	v/cg/conv3/conv2d/kernel/read@GPU-0@ 0:(3x3x384x384)->(3x3x384x384) -t f32
tower_0/v/cg/conv1/conv2d/Conv2D	Conv2D	GPU-0	 0:(128x64x27x27) 1:(5x5x64x192)->(128x192x27x27) -t f16 -data_format NHWC -p s -cudnn 1	[[4689000, 0, 5369000, 0, 0, 0, 1, 0, 1, 0, 0, 0, [1552507678774950000, 1552507678774950000, 1552507678779742000, 1552507678779742000]]]	tower_0/v/cg/conv1/conv2d/Conv2D@GPU-0@ 0:(128x64x27x27) 1:(5x5x64x192)->(128x192x27x27) -t f16 -data_format NHWC -p s -cudnn 1
v/cg/affine2/biases	VariableV2	GPU-0	 0:(none)->(1001) -t f32	[[0, 0, 5000, 0, 0, 0, 0, 0, 1, 0, 0, 0, [1552507678750825000, 1552507678750825000, 1552507678750830000, 1552507678750831000]]]	v/cg/affine2/biases@GPU-0@ 0:(none)->(1001) -t f32
tower_0/v/mul_10	Mul	GPU-0	 0:(3x3x384x256) 1:(1)->(3x3x384x256) -t f32	[[48000, 0, 63000, 0, 0, 0, 1, 0, 1, 0, 0, 0, [1552507678868252000, 1552507678868252000, 1552507678868300000, 1552507678868300000]]]	tower_0/v/mul_10@GPU-0@ 0:(3x3x384x256) 1:(1)->(3x3x384x256) -t f32
tower_0/v/xentropy/sparse_softmax_cross_entropy_loss/value	Select	GPU-0	 0:(1) 1:(1) 2:(1)->(1) -t f32	[[2000, 0, 25000, 0, 0, 0, 1, 0, 1, 0, 0, 0, [1552507678811368000, 1552507678811368000, 1552507678811370000, 1552507678811370000]]]	tower_0/v/xentropy/sparse_softmax_cross_entropy_loss/value@GPU-0@ 0:(1) 1:(1) 2:(1)->(1) -t f32
ConstantFolding/tower_0/v/gradients/tower_0/v/cg/conv4/conv2d/Conv2D_grad/ShapeN-matshapes-1	ShapeN-matshapes-1	GPU-0	 0:(3x3x384x256) 1:(128x384x13x13)->(4)	[[0, 0, 1000, 0, 0, 0, 0, 0, 1, 0, 0, 0, [1552507678798397000, 1552507678798398000, 1552507678798399000, 1552507678798400000]]]	ConstantFolding/tower_0/v/gradients/tower_0/v/cg/conv4/conv2d/Conv2D_grad/ShapeN-matshapes-1@GPU-0@ 0:(3x3x384x256) 1:(128x384x13x13)->(4)
tower_0/v/cg/conv2/Cast	Cast	GPU-0	 0:(384)->(384) -DstT f16 -SrcT f32	[[2000, 0, 18000, 0, 0, 0, 1, 0, 1, 0, 0, 0, [1552507678762346000, 1552507678762346000, 1552507678762348000, 1552507678762348000]]]	tower_0/v/cg/conv2/Cast@GPU-0@ 0:(384)->(384) -DstT f16 -SrcT f32
tower_0/v/cg/affine0/affine0	Relu	GPU-0	 0:(128x4096)->(128x4096) -t f16	[[7000, 0, 23000, 0, 0, 0, 1, 0, 1, 0, 0, 0, [1552507678808185000, 1552507678808185000, 1552507678808192000, 1552507678808192000]]]	tower_0/v/cg/affine0/affine0@GPU-0@ 0:(128x4096)->(128x4096) -t f16
tower_0/v/cg/conv0/conv2d/Conv2D	Conv2D	GPU-0	 0:(128x3x227x227) 1:(11x11x3x64)->(128x64x55x55) -t f16 -data_format NHWC -strides list { i: 1 i: 4 i: 4 i: 1} -cudnn 1	[[5865000, 0, 5960000, 0, 0, 0, 1, 0, 1, 0, 0, 0, [1552507678762840000, 1552507678762840000, 1552507678768767000, 1552507678768767000]]]	tower_0/v/cg/conv0/conv2d/Conv2D@GPU-0@ 0:(128x3x227x227) 1:(11x11x3x64)->(128x64x55x55) -t f16 -data_format NHWC -strides list { i: 1 i: 4 i: 4 i: 1} -cudnn 1
tower_0/v/l2_loss/L2Loss_10	L2Loss	GPU-0	 0:(9216x4096)->(1) -t f32	[[921000, 0, 1958000, 0, 0, 0, 1, 0, 1, 0, 0, 0, [1552507678756345000, 1552507678756345000, 1552507678757960000, 1552507678757960000]]]	tower_0/v/l2_loss/L2Loss_10@GPU-0@ 0:(9216x4096)->(1) -t f32
tower_0/v/gradients/tower_0/v/cg/affine1/affine1_grad/ReluGrad	ReluGrad	GPU-0	 0:(128x4096) 1:(128x4096)->(128x4096) -t f16	[[36000, 0, 57000, 0, 0, 0, 1, 0, 1, 0, 0, 0, [1552507678812055000, 1552507678812055000, 1552507678812091000, 1552507678812091000]]]	tower_0/v/gradients/tower_0/v/cg/affine1/affine1_grad/ReluGrad@GPU-0@ 0:(128x4096) 1:(128x4096)->(128x4096) -t f16
tower_0/v/cg/affine1/Cast	Cast	GPU-0	 0:(4096x4096)->(4096x4096) -DstT f16 -SrcT f32	[[819000, 0, 841000, 0, 0, 0, 1, 0, 1, 0, 0, 0, [1552507678755109000, 1552507678755109000, 1552507678755928000, 1552507678755928000]]]	tower_0/v/cg/affine1/Cast@GPU-0@ 0:(4096x4096)->(4096x4096) -DstT f16 -SrcT f32
tower_0/v/gradients/tower_0/v/l2_loss/L2Loss_8_grad/mul	Mul	GPU-0	 0:(3x3x384x256) 1:(1)->(3x3x384x256) -t f32	[[48000, 0, 100000, 0, 0, 0, 1, 0, 1, 0, 0, 0, [1552507678761668000, 1552507678761668000, 1552507678761716000, 1552507678761716000]]]	tower_0/v/gradients/tower_0/v/l2_loss/L2Loss_8_grad/mul@GPU-0@ 0:(3x3x384x256) 1:(1)->(3x3x384x256) -t f32
edge_61_loss_scale/read/MEMCPYHtoD	MEMCPYHtoD	GPU-0	(Transfer)->(4 bytes)	[[0, 0, 0, 0, 1000, 0, 0, 0, 0, 0, 1, 0, [1552507678750897000, 1552507678750897000, 1552507678750898000, 1552507678750898000]]]	edge_61_loss_scale/read/MEMCPYHtoD@GPU-0@(Transfer)->(4 bytes)
tower_0/v/gradients/AddN	AddN	GPU-0	 0:(1001) 1:(1001)->(1001) -N i: 2 -t f32	[[2000, 0, 21000, 0, 0, 0, 1, 0, 1, 0, 0, 0, [1552507678811691000, 1552507678811691000, 1552507678811693000, 1552507678811693000]]]	tower_0/v/gradients/AddN@GPU-0@ 0:(1001) 1:(1001)->(1001) -N i: 2 -t f32
tower_0/v/gpu_cached_inputs	VariableV2	GPU-0	 0:(none)->(128x227x227x3) -t f16	[[0, 0, 2000, 0, 0, 0, 0, 0, 1, 0, 0, 0, [1552507678750889000, 1552507678750890000, 1552507678750892000, 1552507678750893000]]]	tower_0/v/gpu_cached_inputs@GPU-0@ 0:(none)->(128x227x227x3) -t f16
tower_0/v/gradients/tower_0/v/cg/mpool2/MaxPool_grad/MaxPoolGrad	MaxPoolGrad	GPU-0	 0:(128x256x13x13) 1:(128x256x6x6) 2:(128x256x6x6)->(128x256x13x13) -t f16 -data_format NHWC -ksize list { i: 1 i: 3 i: 3 i: 1} -strides 1 2 2 1	[[846000, 0, 883000, 0, 0, 0, 1, 0, 1, 0, 0, 0, [1552507678832775000, 1552507678832775000, 1552507678833621000, 1552507678833621000]]]	tower_0/v/gradients/tower_0/v/cg/mpool2/MaxPool_grad/MaxPoolGrad@GPU-0@ 0:(128x256x13x13) 1:(128x256x6x6) 2:(128x256x6x6)->(128x256x13x13) -t f16 -data_format NHWC -ksize list { i: 1 i: 3 i: 3 i: 1} -strides 1 2 2 1
edge_499_average_loss/Mean/MEMCPYDtoH	MEMCPYDtoH	GPU-0	(Transfer)->(4 bytes)	[[0, 0, 0, 0, 1000, 0, 0, 0, 0, 0, 1, 0, [1552507678817802000, 1552507678817802000, 1552507678817803000, 1552507678817803000]]]	edge_499_average_loss/Mean/MEMCPYDtoH@GPU-0@(Transfer)->(4 bytes)
tower_0/v/mul_7	Mul	GPU-0	 0:(384) 1:(1)->(384) -t f32	[[2000, 0, 21000, 0, 0, 0, 1, 0, 1, 0, 0, 0, [1552507678892428000, 1552507678892428000, 1552507678892430000, 1552507678892430000]]]	tower_0/v/mul_7@GPU-0@ 0:(384) 1:(1)->(384) -t f32
tower_0/v/gradients/AddN_10	AddN	GPU-0	 0:(384) 1:(384)->(384) -N i: 2 -t f32	[[2000, 0, 19000, 0, 0, 0, 1, 0, 1, 0, 0, 0, [1552507678882277000, 1552507678882277000, 1552507678882279000, 1552507678882279000]]]	tower_0/v/gradients/AddN_10@GPU-0@ 0:(384) 1:(384)->(384) -N i: 2 -t f32
append_apply_gradient_ops/GradientDescent/update_v/cg/conv2/conv2d/kernel/ApplyGradientDescent	ApplyGradientDescent	GPU-0	 0:(3x3x192x384) 1:(1) 2:(3x3x192x384)->(3x3x192x384) -t f32 -use_locking 0	[[53000, 0, 70000, 0, 0, 0, 1, 0, 1, 0, 0, 0, [1552507678894099000, 1552507678894099000, 1552507678894152000, 1552507678894152000]]]	append_apply_gradient_ops/GradientDescent/update_v/cg/conv2/conv2d/kernel/ApplyGradientDescent@GPU-0@ 0:(3x3x192x384) 1:(1) 2:(3x3x192x384)->(3x3x192x384) -t f32 -use_locking 0
tower_0/v/l2_loss/L2Loss_15	L2Loss	GPU-0	 0:(1001)->(1) -t f32	[[4000, 0, 41000, 0, 0, 0, 1, 0, 1, 0, 0, 0, [1552507678751239000, 1552507678751239000, 1552507678751243000, 1552507678751243000]]]	tower_0/v/l2_loss/L2Loss_15@GPU-0@ 0:(1001)->(1) -t f32
tower_0/v/gradients/tower_0/v/xentropy/sparse_softmax_cross_entropy_loss/div_grad/RealDiv	Mul	GPU-0	 0:(1) 1:(1)->(1) -t f32	[[2000, 0, 222000, 0, 0, 0, 1, 0, 1, 0, 0, 0, [1552507678761949000, 1552507678761949000, 1552507678761951000, 1552507678761951000]]]	tower_0/v/gradients/tower_0/v/xentropy/sparse_softmax_cross_entropy_loss/div_grad/RealDiv@GPU-0@ 0:(1) 1:(1)->(1) -t f32
v/cg/affine1/biases/read	Identity	GPU-0	 0:(4096)->(4096) -t f32	[[0, 0, 1000, 0, 0, 0, 0, 0, 1, 0, 0, 0, [1552507678750998000, 1552507678750999000, 1552507678751000000, 1552507678751001000]]]	v/cg/affine1/biases/read@GPU-0@ 0:(4096)->(4096) -t f32
tower_0/v/gradients/AddN_4	AddN	GPU-0	 0:(4096) 1:(4096)->(4096) -N i: 2 -t f32	[[3000, 0, 21000, 0, 0, 0, 1, 0, 1, 0, 0, 0, [1552507678827711000, 1552507678827711000, 1552507678827714000, 1552507678827714000]]]	tower_0/v/gradients/AddN_4@GPU-0@ 0:(4096) 1:(4096)->(4096) -N i: 2 -t f32
tower_0/v/gradients/tower_0/v/cg/conv1/conv2d/Conv2D_grad/Conv2DBackpropFilter	Conv2DBackpropFilter	GPU-0	 0:(128x64x27x27) 1:(4) 2:(128x192x27x27)->(5x5x64x192) -t f16 -data_format NHWC -p s -cudnn 1	[[4810000, 0, 4908000, 0, 0, 0, 1, 0, 1, 0, 0, 0, [1552507678887527000, 1552507678887527000, 1552507678892394000, 1552507678892394000]]]	tower_0/v/gradients/tower_0/v/cg/conv1/conv2d/Conv2D_grad/Conv2DBackpropFilter@GPU-0@ 0:(128x64x27x27) 1:(4) 2:(128x192x27x27)->(5x5x64x192) -t f16 -data_format NHWC -p s -cudnn 1
v/cg/affine0/weights	VariableV2	GPU-0	 0:(none)->(9216x4096) -t f32	[[0, 0, 2000, 0, 0, 0, 0, 0, 1, 0, 0, 0, [1552507678750882000, 1552507678750883000, 1552507678750885000, 1552507678750886000]]]	v/cg/affine0/weights@GPU-0@ 0:(none)->(9216x4096) -t f32
tower_0/v/gradients/AddN_14	AddN	GPU-0	 0:(64) 1:(64)->(64) -N i: 2 -t f32	[[2000, 0, 18000, 0, 0, 0, 1, 0, 1, 0, 0, 0, [1552507678904064000, 1552507678904064000, 1552507678904066000, 1552507678904066000]]]	tower_0/v/gradients/AddN_14@GPU-0@ 0:(64) 1:(64)->(64) -N i: 2 -t f32
tower_0/v/xentropy/sparse_softmax_cross_entropy_loss/zeros_like	Const	GPU-0	 0:(none)->(1) -t f32	[[0, 0, 2000, 0, 0, 0, 0, 0, 1, 0, 0, 0, [1552507678750798000, 1552507678750798000, 1552507678750800000, 1552507678750802000]]]	tower_0/v/xentropy/sparse_softmax_cross_entropy_loss/zeros_like@GPU-0@ 0:(none)->(1) -t f32
tower_0/v/gradients/tower_0/v/l2_loss/L2Loss_6_grad/mul	Mul	GPU-0	 0:(3x3x384x384) 1:(1)->(3x3x384x384) -t f32	[[70000, 0, 3639000, 0, 0, 0, 1, 0, 1, 0, 0, 0, [1552507678761491000, 1552507678761491000, 1552507678761561000, 1552507678761561000]]]	tower_0/v/gradients/tower_0/v/l2_loss/L2Loss_6_grad/mul@GPU-0@ 0:(3x3x384x384) 1:(1)->(3x3x384x384) -t f32
tower_0/v/gradients/tower_0/v/l2_loss/L2Loss_2_grad/mul	Mul	GPU-0	 0:(5x5x64x192) 1:(1)->(5x5x64x192) -t f32	[[17000, 0, 37000, 0, 0, 0, 1, 0, 1, 0, 0, 0, [1552507678757793000, 1552507678757793000, 1552507678757810000, 1552507678757810000]]]	tower_0/v/gradients/tower_0/v/l2_loss/L2Loss_2_grad/mul@GPU-0@ 0:(5x5x64x192) 1:(1)->(5x5x64x192) -t f32
v/cg/affine1/weights/read	Identity	GPU-0	 0:(4096x4096)->(4096x4096) -t f32	[[0, 0, 1000, 0, 0, 0, 0, 0, 1, 0, 0, 0, [1552507678751002000, 1552507678751002000, 1552507678751003000, 1552507678751004000]]]	v/cg/affine1/weights/read@GPU-0@ 0:(4096x4096)->(4096x4096) -t f32
tower_0/v/gradients/tower_0/v/mul_1_grad/Mul/Snapshot/MEMCPYDtoD	MEMCPYDtoD	GPU-0	(Transfer)->(4 bytes)	[[0, 0, 0, 0, 1000, 0, 0, 0, 0, 0, 1, 0, [1552507678751015000, 1552507678751015000, 1552507678751016000, 1552507678751016000]]]	tower_0/v/gradients/tower_0/v/mul_1_grad/Mul/Snapshot/MEMCPYDtoD@GPU-0@(Transfer)->(4 bytes)
tower_0/v/gradients/tower_0/v/cg/conv2/BiasAdd_grad/BiasAddGrad	BiasAddGrad	GPU-0	 0:(128x384x13x13)->(384) -t f16 -data_format NHWC	[[308000, 0, 335000, 0, 0, 0, 1, 0, 1, 0, 0, 0, [1552507678873354000, 1552507678873354000, 1552507678873662000, 1552507678873662000]]]	tower_0/v/gradients/tower_0/v/cg/conv2/BiasAdd_grad/BiasAddGrad@GPU-0@ 0:(128x384x13x13)->(384) -t f16 -data_format NHWC
tower_0/v/cg/conv2/BiasAdd	BiasAdd	GPU-0	 0:(128x384x13x13) 1:(384)->(128x384x13x13) -t f16 -data_format NHWC	[[541000, 0, 561000, 0, 0, 0, 1, 0, 1, 0, 0, 0, [1552507678787497000, 1552507678787497000, 1552507678788038000, 1552507678788038000]]]	tower_0/v/cg/conv2/BiasAdd@GPU-0@ 0:(128x384x13x13) 1:(384)->(128x384x13x13) -t f16 -data_format NHWC
tower_0/v/cg/mpool1/MaxPool	MaxPool	GPU-0	 0:(128x192x27x27)->(128x192x13x13) -t f16 -data_format NHWC -ksize list { i: 1 i: 3 i: 3 i: 1} -strides 1 2 2 1	[[801000, 0, 833000, 0, 0, 0, 1, 0, 1, 0, 0, 0, [1552507678781526000, 1552507678781526000, 1552507678782327000, 1552507678782327000]]]	tower_0/v/cg/mpool1/MaxPool@GPU-0@ 0:(128x192x27x27)->(128x192x13x13) -t f16 -data_format NHWC -ksize list { i: 1 i: 3 i: 3 i: 1} -strides 1 2 2 1
tower_0/v/mul_11	Mul	GPU-0	 0:(256) 1:(1)->(256) -t f32	[[2000, 0, 20000, 0, 0, 0, 1, 0, 1, 0, 0, 0, [1552507678868230000, 1552507678868230000, 1552507678868232000, 1552507678868232000]]]	tower_0/v/mul_11@GPU-0@ 0:(256) 1:(1)->(256) -t f32
v/cg/conv4/conv2d/kernel/read	Identity	GPU-0	 0:(3x3x384x256)->(3x3x384x256) -t f32	[[0, 0, 1000, 0, 0, 0, 0, 0, 1, 0, 0, 0, [1552507678751202000, 1552507678751202000, 1552507678751203000, 1552507678751204000]]]	v/cg/conv4/conv2d/kernel/read@GPU-0@ 0:(3x3x384x256)->(3x3x384x256) -t f32
tower_0/v/gradients/tower_0/v/cg/affine1/xw_plus_b/MatMul_grad/MatMul	MatMul	GPU-0	 0:(128x4096) 1:(4096x4096)->(128x4096) -t f16 -tr_a 0 -tr_b 1	[[1276000, 0, 1298000, 0, 0, 0, 1, 0, 1, 0, 0, 0, [1552507678813859000, 1552507678813859000, 1552507678815135000, 1552507678815135000]]]	tower_0/v/gradients/tower_0/v/cg/affine1/xw_plus_b/MatMul_grad/MatMul@GPU-0@ 0:(128x4096) 1:(4096x4096)->(128x4096) -t f16 -tr_a 0 -tr_b 1
tower_0/v/gradients/Cast_grad/Cast	Cast	GPU-0	 0:(11x11x3x64)->(11x11x3x64) -DstT f32 -SrcT f16	[[2000, 0, 18000, 0, 0, 0, 1, 0, 1, 0, 0, 0, [1552507678903971000, 1552507678903971000, 1552507678903973000, 1552507678903973000]]]	tower_0/v/gradients/Cast_grad/Cast@GPU-0@ 0:(11x11x3x64)->(11x11x3x64) -DstT f32 -SrcT f16
tower_0/v/mul_5	Mul	GPU-0	 0:(192) 1:(1)->(192) -t f32	[[2000, 0, 22000, 0, 0, 0, 1, 0, 1, 0, 0, 0, [1552507678903890000, 1552507678903890000, 1552507678903892000, 1552507678903892000]]]	tower_0/v/mul_5@GPU-0@ 0:(192) 1:(1)->(192) -t f32
Cast	Cast	GPU-0	 0:(11x11x3x64)->(11x11x3x64) -DstT f16 -SrcT f32	[[4000, 0, 72000, 0, 0, 0, 1, 0, 1, 0, 0, 0, [1552507678761734000, 1552507678761734000, 1552507678761738000, 1552507678761738000]]]	Cast@GPU-0@ 0:(11x11x3x64)->(11x11x3x64) -DstT f16 -SrcT f32
tower_0/v/mul	Mul	GPU-0	 0:(1) 1:(1)->(1) -t f32	[[2000, 0, 545000, 0, 0, 0, 1, 0, 1, 0, 0, 0, [1552507678772314000, 1552507678772314000, 1552507678772316000, 1552507678772316000]]]	tower_0/v/mul@GPU-0@ 0:(1) 1:(1)->(1) -t f32
tower_0/v/gradients/tower_0/v/xentropy/sparse_softmax_cross_entropy_loss/Sum_grad/Tile	Tile	GPU-0	 0:(1) 1:(1)->(128) -t f32 -Tmultiples i32	[[3000, 0, 30000, 0, 0, 0, 1, 0, 1, 0, 0, 0, [1552507678761994000, 1552507678761994000, 1552507678761997000, 1552507678761997000]]]	tower_0/v/gradients/tower_0/v/xentropy/sparse_softmax_cross_entropy_loss/Sum_grad/Tile@GPU-0@ 0:(1) 1:(1)->(128) -t f32 -Tmultiples i32
tower_0/v/gradients/tower_0/v/cg/conv2/conv2d/Conv2D_grad/Conv2DBackpropFilter	Conv2DBackpropFilter	GPU-0	 0:(128x192x13x13) 1:(4) 2:(128x384x13x13)->(3x3x192x384) -t f16 -data_format NHWC -p s -cudnn 1	[[5507000, 0, 5599000, 0, 0, 0, 1, 0, 1, 0, 0, 0, [1552507678873700000, 1552507678873700000, 1552507678879261000, 1552507678879261000]]]	tower_0/v/gradients/tower_0/v/cg/conv2/conv2d/Conv2D_grad/Conv2DBackpropFilter@GPU-0@ 0:(128x192x13x13) 1:(4) 2:(128x384x13x13)->(3x3x192x384) -t f16 -data_format NHWC -p s -cudnn 1
tower_0/v/l2_loss/AddN	AddN	GPU-0	 0:(16x1)->(1) -N i: 16 -t f32	[[5000, 0, 44000, 0, 0, 0, 1, 0, 1, 0, 0, 0, [1552507678768809000, 1552507678768809000, 1552507678768830000, 1552507678768830000]]]	tower_0/v/l2_loss/AddN@GPU-0@ 0:(16x1)->(1) -N i: 16 -t f32
tower_0/v/l2_loss/L2Loss_6	L2Loss	GPU-0	 0:(3x3x384x384)->(1) -t f32	[[42000, 0, 80000, 0, 0, 0, 1, 0, 1, 0, 0, 0, [1552507678762376000, 1552507678762376000, 1552507678762431000, 1552507678762431000]]]	tower_0/v/l2_loss/L2Loss_6@GPU-0@ 0:(3x3x384x384)->(1) -t f32
append_apply_gradient_ops/GradientDescent/update_v/cg/affine1/weights/ApplyGradientDescent	ApplyGradientDescent	GPU-0	 0:(4096x4096) 1:(1) 2:(4096x4096)->(4096x4096) -t f32 -use_locking 0	[[1272000, 0, 1290000, 0, 0, 0, 1, 0, 1, 0, 0, 0, [1552507678824567000, 1552507678824567000, 1552507678825839000, 1552507678825839000]]]	append_apply_gradient_ops/GradientDescent/update_v/cg/affine1/weights/ApplyGradientDescent@GPU-0@ 0:(4096x4096) 1:(1) 2:(4096x4096)->(4096x4096) -t f32 -use_locking 0
tower_0/v/cg/affine0/Cast	Cast	GPU-0	 0:(9216x4096)->(9216x4096) -DstT f16 -SrcT f32	[[1524000, 0, 1552000, 0, 0, 0, 1, 0, 1, 0, 0, 0, [1552507678758003000, 1552507678758003000, 1552507678759527000, 1552507678759527000]]]	tower_0/v/cg/affine0/Cast@GPU-0@ 0:(9216x4096)->(9216x4096) -DstT f16 -SrcT f32
ConstantFolding/tower_0/v/gradients/tower_0/v/cg/conv0/conv2d/Conv2D_grad/ShapeN-matshapes-1	ShapeN-matshapes-1	GPU-0	 0:(11x11x3x64) 1:(128x227x227x3)->(4)	[[0, 0, 1000, 0, 0, 0, 0, 0, 1, 0, 0, 0, [1552507678762814000, 1552507678762814000, 1552507678762815000, 1552507678762817000]]]	ConstantFolding/tower_0/v/gradients/tower_0/v/cg/conv0/conv2d/Conv2D_grad/ShapeN-matshapes-1@GPU-0@ 0:(11x11x3x64) 1:(128x227x227x3)->(4)
tower_0/v/l2_loss/L2Loss_2	L2Loss	GPU-0	 0:(5x5x64x192)->(1) -t f32	[[19000, 0, 72000, 0, 0, 0, 1, 0, 1, 0, 0, 0, [1552507678762060000, 1552507678762060000, 1552507678762093000, 1552507678762093000]]]	tower_0/v/l2_loss/L2Loss_2@GPU-0@ 0:(5x5x64x192)->(1) -t f32
Cast_2	Cast	GPU-0	 0:(3x3x192x384)->(3x3x192x384) -DstT f16 -SrcT f32	[[26000, 0, 44000, 0, 0, 0, 1, 0, 1, 0, 0, 0, [1552507678762272000, 1552507678762272000, 1552507678762298000, 1552507678762298000]]]	Cast_2@GPU-0@ 0:(3x3x192x384)->(3x3x192x384) -DstT f16 -SrcT f32
tower_0/v/mul_12	Mul	GPU-0	 0:(9216x4096) 1:(1)->(9216x4096) -t f32	[[1971000, 0, 1987000, 0, 0, 0, 1, 0, 1, 0, 0, 0, [1552507678830766000, 1552507678830766000, 1552507678832737000, 1552507678832737000]]]	tower_0/v/mul_12@GPU-0@ 0:(9216x4096) 1:(1)->(9216x4096) -t f32
tower_0/v/gradients/tower_0/v/cg/affine1/Cast_1_grad/Cast	Cast	GPU-0	 0:(4096)->(4096) -DstT f32 -SrcT f16	[[2000, 0, 20000, 0, 0, 0, 1, 0, 1, 0, 0, 0, [1552507678815533000, 1552507678815533000, 1552507678815535000, 1552507678815535000]]]	tower_0/v/gradients/tower_0/v/cg/affine1/Cast_1_grad/Cast@GPU-0@ 0:(4096)->(4096) -DstT f32 -SrcT f16
tower_0/v/mul_4	Mul	GPU-0	 0:(5x5x64x192) 1:(1)->(5x5x64x192) -t f32	[[12000, 0, 29000, 0, 0, 0, 1, 0, 1, 0, 0, 0, [1552507678903914000, 1552507678903914000, 1552507678903926000, 1552507678903926000]]]	tower_0/v/mul_4@GPU-0@ 0:(5x5x64x192) 1:(1)->(5x5x64x192) -t f32
tower_0/v/gradients/AddN_7	AddN	GPU-0	 0:(3x3x384x256) 1:(3x3x384x256)->(3x3x384x256) -N i: 2 -t f32	[[66000, 0, 83000, 0, 0, 0, 1, 0, 1, 0, 0, 0, [1552507678867463000, 1552507678867463000, 1552507678867529000, 1552507678867529000]]]	tower_0/v/gradients/AddN_7@GPU-0@ 0:(3x3x384x256) 1:(3x3x384x256)->(3x3x384x256) -N i: 2 -t f32
tower_0/v/cg/dropout0_1/dropout/dropout/add	Add	GPU-0	 0:(1) 1:(128x4096)->(128x4096) -t f16	[[19000, 0, 41000, 0, 0, 0, 1, 0, 1, 0, 0, 0, [1552507678762744000, 1552507678762744000, 1552507678762763000, 1552507678762763000]]]	tower_0/v/cg/dropout0_1/dropout/dropout/add@GPU-0@ 0:(1) 1:(128x4096)->(128x4096) -t f16
tower_0/v/gradients/AddN_13	AddN	GPU-0	 0:(5x5x64x192) 1:(5x5x64x192)->(5x5x64x192) -N i: 2 -t f32	[[25000, 0, 40000, 0, 0, 0, 1, 0, 1, 0, 0, 0, [1552507678895848000, 1552507678895848000, 1552507678895873000, 1552507678895873000]]]	tower_0/v/gradients/AddN_13@GPU-0@ 0:(5x5x64x192) 1:(5x5x64x192)->(5x5x64x192) -N i: 2 -t f32
tower_0/v/gradients/tower_0/v/xentropy/sparse_softmax_cross_entropy_loss/Sum_grad/Reshape/shape	Const	GPU-0	 0:(none)->(1) -t i32	[[0, 0, 1000, 0, 0, 0, 0, 0, 1, 0, 0, 0, [1552507678750818000, 1552507678750819000, 1552507678750820000, 1552507678750821000]]]	tower_0/v/gradients/tower_0/v/xentropy/sparse_softmax_cross_entropy_loss/Sum_grad/Reshape/shape@GPU-0@ 0:(none)->(1) -t i32
tower_0/v/xentropy/sparse_softmax_cross_entropy_loss/div	Mul	GPU-0	 0:(1) 1:(1)->(1) -t f32	[[2000, 0, 20000, 0, 0, 0, 1, 0, 1, 0, 0, 0, [1552507678810527000, 1552507678810527000, 1552507678810529000, 1552507678810529000]]]	tower_0/v/xentropy/sparse_softmax_cross_entropy_loss/div@GPU-0@ 0:(1) 1:(1)->(1) -t f32
tower_0/v/gradients/AddN_3	AddN	GPU-0	 0:(4096x4096) 1:(4096x4096)->(4096x4096) -N i: 2 -t f32	[[1276000, 0, 1292000, 0, 0, 0, 1, 0, 1, 0, 0, 0, [1552507678816427000, 1552507678816427000, 1552507678817703000, 1552507678817703000]]]	tower_0/v/gradients/AddN_3@GPU-0@ 0:(4096x4096) 1:(4096x4096)->(4096x4096) -N i: 2 -t f32
tower_0/v/gradients/tower_0/v/cg/affine2/Cast_1_grad/Cast	Cast	GPU-0	 0:(1001)->(1001) -DstT f32 -SrcT f16	[[2000, 0, 19000, 0, 0, 0, 1, 0, 1, 0, 0, 0, [1552507678811393000, 1552507678811393000, 1552507678811395000, 1552507678811395000]]]	tower_0/v/gradients/tower_0/v/cg/affine2/Cast_1_grad/Cast@GPU-0@ 0:(1001)->(1001) -DstT f32 -SrcT f16
tower_0/v/mul_2	Mul	GPU-0	 0:(11x11x3x64) 1:(1)->(11x11x3x64) -t f32	[[2000, 0, 17000, 0, 0, 0, 1, 0, 1, 0, 0, 0, [1552507678904133000, 1552507678904133000, 1552507678904135000, 1552507678904135000]]]	tower_0/v/mul_2@GPU-0@ 0:(11x11x3x64) 1:(1)->(11x11x3x64) -t f32
tower_0/v/cg/conv3/Cast	Cast	GPU-0	 0:(384)->(384) -DstT f16 -SrcT f32	[[1000, 0, 17000, 0, 0, 0, 1, 0, 1, 0, 0, 0, [1552507678762551000, 1552507678762551000, 1552507678762552000, 1552507678762552000]]]	tower_0/v/cg/conv3/Cast@GPU-0@ 0:(384)->(384) -DstT f16 -SrcT f32
tower_0/v/gradients/tower_0/v/cg/conv2/conv2d/Conv2D_grad/Conv2DBackpropInput	Conv2DBackpropInput	GPU-0	 0:(4) 1:(3x3x192x384) 2:(128x384x13x13)->(128x192x13x13) -t f16 -data_format NHWC -p s -cudnn 1	[[4911000, 0, 5014000, 0, 0, 0, 1, 0, 1, 0, 0, 0, [1552507678868324000, 1552507678868324000, 1552507678873312000, 1552507678873312000]]]	tower_0/v/gradients/tower_0/v/cg/conv2/conv2d/Conv2D_grad/Conv2DBackpropInput@GPU-0@ 0:(4) 1:(3x3x192x384) 2:(128x384x13x13)->(128x192x13x13) -t f16 -data_format NHWC -p s -cudnn 1
tower_0/v/gradients/AddN_15	AddN	GPU-0	 0:(11x11x3x64) 1:(11x11x3x64)->(11x11x3x64) -N i: 2 -t f32	[[3000, 0, 20000, 0, 0, 0, 1, 0, 1, 0, 0, 0, [1552507678904086000, 1552507678904086000, 1552507678904089000, 1552507678904089000]]]	tower_0/v/gradients/AddN_15@GPU-0@ 0:(11x11x3x64) 1:(11x11x3x64)->(11x11x3x64) -N i: 2 -t f32
tower_0/v/gradients/tower_0/v/l2_loss/L2Loss_13_grad/mul	Mul	GPU-0	 0:(4096) 1:(1)->(4096) -t f32	[[2000, 0, 396000, 0, 0, 0, 1, 0, 1, 0, 0, 0, [1552507678753699000, 1552507678753699000, 1552507678753701000, 1552507678753701000]]]	tower_0/v/gradients/tower_0/v/l2_loss/L2Loss_13_grad/mul@GPU-0@ 0:(4096) 1:(1)->(4096) -t f32
tower_0/v/gradients/AddN_11	AddN	GPU-0	 0:(3x3x192x384) 1:(3x3x192x384)->(3x3x192x384) -N i: 2 -t f32	[[53000, 0, 68000, 0, 0, 0, 1, 0, 1, 0, 0, 0, [1552507678882299000, 1552507678882299000, 1552507678882352000, 1552507678882352000]]]	tower_0/v/gradients/AddN_11@GPU-0@ 0:(3x3x192x384) 1:(3x3x192x384)->(3x3x192x384) -N i: 2 -t f32
tower_0/v/gradients/tower_0/v/cg/affine0/xw_plus_b/MatMul_grad/MatMul_1	MatMul	GPU-0	 0:(128x9216) 1:(128x4096)->(9216x4096) -t f16 -tr_a 1 -tr_b 0	[[2942000, 0, 2966000, 0, 0, 0, 1, 0, 1, 0, 0, 0, [1552507678818840000, 1552507678818840000, 1552507678821782000, 1552507678821782000]]]	tower_0/v/gradients/tower_0/v/cg/affine0/xw_plus_b/MatMul_grad/MatMul_1@GPU-0@ 0:(128x9216) 1:(128x4096)->(9216x4096) -t f16 -tr_a 1 -tr_b 0
tower_0/v/alexnet_synthetic_labels/min	Const	GPU-0	 0:(none)->(1) -t i32	[[0, 0, 1000, 0, 0, 0, 0, 0, 1, 0, 0, 0, [1552507678750835000, 1552507678750835000, 1552507678750836000, 1552507678750837000]]]	tower_0/v/alexnet_synthetic_labels/min@GPU-0@ 0:(none)->(1) -t i32
tower_0/v/gradients/tower_0/v/cg/affine2/xw_plus_b/MatMul_grad/MatMul	MatMul	GPU-0	 0:(128x1001) 1:(4096x1001)->(128x4096) -t f16 -tr_a 0 -tr_b 1	[[343000, 0, 365000, 0, 0, 0, 1, 0, 1, 0, 0, 0, [1552507678810993000, 1552507678810993000, 1552507678811336000, 1552507678811336000]]]	tower_0/v/gradients/tower_0/v/cg/affine2/xw_plus_b/MatMul_grad/MatMul@GPU-0@ 0:(128x1001) 1:(4096x1001)->(128x4096) -t f16 -tr_a 0 -tr_b 1
v/cg/conv2/conv2d/kernel	VariableV2	GPU-0	 0:(none)->(3x3x192x384) -t f32	[[0, 0, 2000, 0, 0, 0, 0, 0, 1, 0, 0, 0, [1552507678750912000, 1552507678750912000, 1552507678750914000, 1552507678750915000]]]	v/cg/conv2/conv2d/kernel@GPU-0@ 0:(none)->(3x3x192x384) -t f32
learning_rate_tensor/input	Const	GPU-0	 0:(none)->(1) -t f32	[[0, 0, 1000, 0, 0, 0, 0, 0, 1, 0, 0, 0, [1552507678750803000, 1552507678750803000, 1552507678750804000, 1552507678750806000]]]	learning_rate_tensor/input@GPU-0@ 0:(none)->(1) -t f32
tower_0/v/gradients/tower_0/v/l2_loss/L2Loss_11_grad/mul	Mul	GPU-0	 0:(4096) 1:(1)->(4096) -t f32	[[2000, 0, 26000, 0, 0, 0, 1, 0, 1, 0, 0, 0, [1552507678751304000, 1552507678751304000, 1552507678751306000, 1552507678751306000]]]	tower_0/v/gradients/tower_0/v/l2_loss/L2Loss_11_grad/mul@GPU-0@ 0:(4096) 1:(1)->(4096) -t f32
append_apply_gradient_ops/GradientDescent/update_v/cg/affine2/biases/ApplyGradientDescent	ApplyGradientDescent	GPU-0	 0:(1001) 1:(1) 2:(1001)->(1001) -t f32 -use_locking 0	[[3000, 0, 25000, 0, 0, 0, 1, 0, 1, 0, 0, 0, [1552507678815171000, 1552507678815171000, 1552507678815174000, 1552507678815174000]]]	append_apply_gradient_ops/GradientDescent/update_v/cg/affine2/biases/ApplyGradientDescent@GPU-0@ 0:(1001) 1:(1) 2:(1001)->(1001) -t f32 -use_locking 0
tower_0/v/gradients/AddN_5	AddN	GPU-0	 0:(9216x4096) 1:(9216x4096)->(9216x4096) -N i: 2 -t f32	[[2880000, 0, 2897000, 0, 0, 0, 1, 0, 1, 0, 0, 0, [1552507678827735000, 1552507678827735000, 1552507678830615000, 1552507678830615000]]]	tower_0/v/gradients/AddN_5@GPU-0@ 0:(9216x4096) 1:(9216x4096)->(9216x4096) -N i: 2 -t f32
tower_0/v/cg/dropout0/dropout/dropout/mul	Mul	GPU-0	 0:(128x4096) 1:(128x4096)->(128x4096) -t f16	[[22000, 0, 40000, 0, 0, 0, 1, 0, 1, 0, 0, 0, [1552507678808263000, 1552507678808263000, 1552507678808285000, 1552507678808285000]]]	tower_0/v/cg/dropout0/dropout/dropout/mul@GPU-0@ 0:(128x4096) 1:(128x4096)->(128x4096) -t f16
tower_0/v/gradients/tower_0/v/cg/conv0/conv2d/Conv2D_grad/Conv2DBackpropFilter-0-TransposeNHWCToNCHW-LayoutOptimizer	Transpose	GPU-0	 0:(128x227x227x3) 1:(4)->(128x3x227x227)	[[1862000, 0, 1893000, 0, 0, 0, 1, 0, 1, 0, 0, 0, [1552507678759568000, 1552507678759568000, 1552507678761430000, 1552507678761430000]]]	tower_0/v/gradients/tower_0/v/cg/conv0/conv2d/Conv2D_grad/Conv2DBackpropFilter-0-TransposeNHWCToNCHW-LayoutOptimizer@GPU-0@ 0:(128x227x227x3) 1:(4)->(128x3x227x227)
tower_0/v/alexnet_synthetic_labels/max	Const	GPU-0	 0:(none)->(1) -t i32	[[0, 0, 1000, 0, 0, 0, 0, 0, 1, 0, 0, 0, [1552507678750838000, 1552507678750838000, 1552507678750839000, 1552507678750840000]]]	tower_0/v/alexnet_synthetic_labels/max@GPU-0@ 0:(none)->(1) -t i32
v/cg/conv2/conv2d/kernel/read	Identity	GPU-0	 0:(3x3x192x384)->(3x3x192x384) -t f32	[[0, 0, 500, 0, 0, 0, 0, 0, 1, 0, 0, 0, [1552507678751189000, 1552507678751189200, 1552507678751189700, 1552507678751191000]]]	v/cg/conv2/conv2d/kernel/read@GPU-0@ 0:(3x3x192x384)->(3x3x192x384) -t f32
tower_0/v/l2_loss/L2Loss_5	L2Loss	GPU-0	 0:(384)->(1) -t f32	[[3000, 0, 21000, 0, 0, 0, 1, 0, 1, 0, 0, 0, [1552507678762322000, 1552507678762322000, 1552507678762325000, 1552507678762325000]]]	tower_0/v/l2_loss/L2Loss_5@GPU-0@ 0:(384)->(1) -t f32
tower_0/v/cg/conv1/Relu	Relu	GPU-0	 0:(128x192x27x27)->(128x192x27x27) -t f16	[[489000, 0, 507000, 0, 0, 0, 1, 0, 1, 0, 0, 0, [1552507678781002000, 1552507678781002000, 1552507678781491000, 1552507678781491000]]]	tower_0/v/cg/conv1/Relu@GPU-0@ 0:(128x192x27x27)->(128x192x27x27) -t f16
tower_0/v/gradients/tower_0/v/cg/affine0/Cast_1_grad/Cast	Cast	GPU-0	 0:(4096)->(4096) -DstT f32 -SrcT f16	[[2000, 0, 20000, 0, 0, 0, 1, 0, 1, 0, 0, 0, [1552507678825862000, 1552507678825862000, 1552507678825864000, 1552507678825864000]]]	tower_0/v/gradients/tower_0/v/cg/affine0/Cast_1_grad/Cast@GPU-0@ 0:(4096)->(4096) -DstT f32 -SrcT f16
tower_0/v/gradients/tower_0/v/cg/conv4/conv2d/Conv2D_grad/Conv2DBackpropInput	Conv2DBackpropInput	GPU-0	 0:(4) 1:(3x3x384x256) 2:(128x256x13x13)->(128x384x13x13) -t f16 -data_format NHWC -p s -cudnn 1	[[6081000, 0, 6192000, 0, 0, 0, 1, 0, 1, 0, 0, 0, [1552507678836984000, 1552507678836984000, 1552507678843144000, 1552507678843144000]]]	tower_0/v/gradients/tower_0/v/cg/conv4/conv2d/Conv2D_grad/Conv2DBackpropInput@GPU-0@ 0:(4) 1:(3x3x384x256) 2:(128x256x13x13)->(128x384x13x13) -t f16 -data_format NHWC -p s -cudnn 1
_SOURCE	NoOp	GPU-0	 0:(none)->(none)	[[0, 0, 4000, 0, 0, 0, 0, 0, 1, 0, 0, 0, [1552507678750638000, 1552507678750641000, 1552507678750645000, 1552507678750781000]]]	_SOURCE@GPU-0@ 0:(none)->(none)
v/cg/conv3/conv2d/kernel	VariableV2	GPU-0	 0:(none)->(3x3x384x384) -t f32	[[0, 0, 1000, 0, 0, 0, 0, 0, 1, 0, 0, 0, [1552507678750920000, 1552507678750921000, 1552507678750922000, 1552507678750924000]]]	v/cg/conv3/conv2d/kernel@GPU-0@ 0:(none)->(3x3x384x384) -t f32
tower_0/v/gradients/AddN_2	AddN	GPU-0	 0:(4096) 1:(4096)->(4096) -N i: 2 -t f32	[[3000, 0, 19000, 0, 0, 0, 1, 0, 1, 0, 0, 0, [1552507678816402000, 1552507678816402000, 1552507678816405000, 1552507678816405000]]]	tower_0/v/gradients/AddN_2@GPU-0@ 0:(4096) 1:(4096)->(4096) -N i: 2 -t f32
tower_0/v/gradients/tower_0/v/cg/Reshape_grad/Reshape	Reshape	GPU-0	 0:(128x9216) 1:(4)->(128x6x6x256) -t f16 -Tshape i32	[[0, 0, 2000, 0, 0, 0, 0, 0, 1, 0, 0, 0, [1552507678827691000, 1552507678827692000, 1552507678827694000, 1552507678827695000]]]	tower_0/v/gradients/tower_0/v/cg/Reshape_grad/Reshape@GPU-0@ 0:(128x9216) 1:(4)->(128x6x6x256) -t f16 -Tshape i32
tower_0/v/gradients/Cast_3_grad/Cast	Cast	GPU-0	 0:(3x3x384x384)->(3x3x384x384) -DstT f32 -SrcT f16	[[57000, 0, 73000, 0, 0, 0, 1, 0, 1, 0, 0, 0, [1552507678868147000, 1552507678868147000, 1552507678868204000, 1552507678868204000]]]	tower_0/v/gradients/Cast_3_grad/Cast@GPU-0@ 0:(3x3x384x384)->(3x3x384x384) -DstT f32 -SrcT f16
tower_0/v/gradients/AddN_6	AddN	GPU-0	 0:(256) 1:(256)->(256) -N i: 2 -t f32	[[3000, 0, 25000, 0, 0, 0, 1, 0, 1, 0, 0, 0, [1552507678867438000, 1552507678867438000, 1552507678867441000, 1552507678867441000]]]	tower_0/v/gradients/AddN_6@GPU-0@ 0:(256) 1:(256)->(256) -N i: 2 -t f32
tower_0/v/gradients/tower_0/v/cg/conv4/conv2d/Conv2D_grad/Conv2DBackpropFilter	Conv2DBackpropFilter	GPU-0	 0:(128x384x13x13) 1:(4) 2:(128x256x13x13)->(3x3x384x256) -t f16 -data_format NHWC -p s -cudnn 1	[[5774000, 0, 5878000, 0, 0, 0, 1, 0, 1, 0, 0, 0, [1552507678843451000, 1552507678843451000, 1552507678849282000, 1552507678849282000]]]	tower_0/v/gradients/tower_0/v/cg/conv4/conv2d/Conv2D_grad/Conv2DBackpropFilter@GPU-0@ 0:(128x384x13x13) 1:(4) 2:(128x256x13x13)->(3x3x384x256) -t f16 -data_format NHWC -p s -cudnn 1
Cast_4	Cast	GPU-0	 0:(3x3x384x256)->(3x3x384x256) -DstT f16 -SrcT f32	[[32000, 0, 48000, 0, 0, 0, 1, 0, 1, 0, 0, 0, [1552507678762643000, 1552507678762643000, 1552507678762675000, 1552507678762675000]]]	Cast_4@GPU-0@ 0:(3x3x384x256)->(3x3x384x256) -DstT f16 -SrcT f32
tower_0/v/gradients/tower_0/v/cg/conv4/Relu_grad/ReluGrad	ReluGrad	GPU-0	 0:(128x256x13x13) 1:(128x256x13x13)->(128x256x13x13) -t f16	[[365000, 0, 385000, 0, 0, 0, 1, 0, 1, 0, 0, 0, [1552507678836587000, 1552507678836587000, 1552507678836952000, 1552507678836952000]]]	tower_0/v/gradients/tower_0/v/cg/conv4/Relu_grad/ReluGrad@GPU-0@ 0:(128x256x13x13) 1:(128x256x13x13)->(128x256x13x13) -t f16
tower_0/v/gradients/AddN_8	AddN	GPU-0	 0:(384) 1:(384)->(384) -N i: 2 -t f32	[[2000, 0, 21000, 0, 0, 0, 1, 0, 1, 0, 0, 0, [1552507678879297000, 1552507678879297000, 1552507678879299000, 1552507678879299000]]]	tower_0/v/gradients/AddN_8@GPU-0@ 0:(384) 1:(384)->(384) -N i: 2 -t f32
tower_0/v/gradients/tower_0/v/xentropy/sparse_softmax_cross_entropy_loss/Sum_grad/Reshape	Reshape	GPU-0	 0:(1) 1:(1)->(1) -t f32 -Tshape i32	[[0, 0, 3000, 0, 0, 0, 0, 0, 1, 0, 0, 0, [1552507678761966000, 1552507678761967000, 1552507678761970000, 1552507678761972000]]]	tower_0/v/gradients/tower_0/v/xentropy/sparse_softmax_cross_entropy_loss/Sum_grad/Reshape@GPU-0@ 0:(1) 1:(1)->(1) -t f32 -Tshape i32
tower_0/v/gradients/tower_0/v/l2_loss/L2Loss_14_grad/mul	Mul	GPU-0	 0:(4096x1001) 1:(1)->(4096x1001) -t f32	[[214000, 0, 242000, 0, 0, 0, 1, 0, 1, 0, 0, 0, [1552507678756094000, 1552507678756094000, 1552507678756308000, 1552507678756308000]]]	tower_0/v/gradients/tower_0/v/l2_loss/L2Loss_14_grad/mul@GPU-0@ 0:(4096x1001) 1:(1)->(4096x1001) -t f32
tower_0/v/add	Add	GPU-0	 0:(1) 1:(1)->(1) -t f32	[[2000, 0, 20000, 0, 0, 0, 1, 0, 1, 0, 0, 0, [1552507678811664000, 1552507678811664000, 1552507678811666000, 1552507678811666000]]]	tower_0/v/add@GPU-0@ 0:(1) 1:(1)->(1) -t f32
tower_0/v/cg/conv3/Relu	Relu	GPU-0	 0:(128x384x13x13)->(128x384x13x13) -t f16	[[224000, 0, 241000, 0, 0, 0, 1, 0, 1, 0, 0, 0, [1552507678798160000, 1552507678798160000, 1552507678798384000, 1552507678798384000]]]	tower_0/v/cg/conv3/Relu@GPU-0@ 0:(128x384x13x13)->(128x384x13x13) -t f16
tower_0/v/mul_8	Mul	GPU-0	 0:(3x3x384x384) 1:(1)->(3x3x384x384) -t f32	[[70000, 0, 87000, 0, 0, 0, 1, 0, 1, 0, 0, 0, [1552507678880983000, 1552507678880983000, 1552507678881053000, 1552507678881053000]]]	tower_0/v/mul_8@GPU-0@ 0:(3x3x384x384) 1:(1)->(3x3x384x384) -t f32
v/cg/conv1/conv2d/kernel/read	Identity	GPU-0	 0:(5x5x64x192)->(5x5x64x192) -t f32	[[0, 0, 1000, 0, 0, 0, 0, 0, 1, 0, 0, 0, [1552507678751183000, 1552507678751183000, 1552507678751184000, 1552507678751185000]]]	v/cg/conv1/conv2d/kernel/read@GPU-0@ 0:(5x5x64x192)->(5x5x64x192) -t f32
tower_0/v/gradients/tower_0/v/cg/affine0/xw_plus_b_grad/BiasAddGrad	BiasAddGrad	GPU-0	 0:(128x4096)->(4096) -t f16 -data_format NHWC	[[39000, 0, 65000, 0, 0, 0, 1, 0, 1, 0, 0, 0, [1552507678818774000, 1552507678818774000, 1552507678818813000, 1552507678818813000]]]	tower_0/v/gradients/tower_0/v/cg/affine0/xw_plus_b_grad/BiasAddGrad@GPU-0@ 0:(128x4096)->(4096) -t f16 -data_format NHWC
v/cg/conv1/biases	VariableV2	GPU-0	 0:(none)->(192) -t f32	[[0, 0, 1000, 0, 0, 0, 0, 0, 1, 0, 0, 0, [1552507678750908000, 1552507678750909000, 1552507678750910000, 1552507678750911000]]]	v/cg/conv1/biases@GPU-0@ 0:(none)->(192) -t f32
tower_0/v/gradients/tower_0/v/cg/dropout0_1/dropout/dropout/mul_grad/Mul	Mul	GPU-0	 0:(1) 1:(128x4096)->(128x4096) -t f16	[[19000, 0, 45000, 0, 0, 0, 1, 0, 1, 0, 0, 0, [1552507678772349000, 1552507678772349000, 1552507678772368000, 1552507678772368000]]]	tower_0/v/gradients/tower_0/v/cg/dropout0_1/dropout/dropout/mul_grad/Mul@GPU-0@ 0:(1) 1:(128x4096)->(128x4096) -t f16
tower_0/v/cg/affine2/Cast	Cast	GPU-0	 0:(4096x1001)->(4096x1001) -DstT f16 -SrcT f32	[[160000, 0, 181000, 0, 0, 0, 1, 0, 1, 0, 0, 0, [1552507678753480000, 1552507678753480000, 1552507678753640000, 1552507678753640000]]]	tower_0/v/cg/affine2/Cast@GPU-0@ 0:(4096x1001)->(4096x1001) -DstT f16 -SrcT f32
tower_0/v/alexnet_synthetic_labels	RandomUniformInt	GPU-0	 0:(1) 1:(1) 2:(1)->(128) -t i32 -Tout i32 -seed i: 123 -seed2 i: 21	[[8000, 0, 48000, 0, 0, 0, 1, 0, 1, 0, 0, 0, [1552507678750973000, 1552507678750973000, 1552507678750981000, 1552507678750981000]]]	tower_0/v/alexnet_synthetic_labels@GPU-0@ 0:(1) 1:(1) 2:(1)->(128) -t i32 -Tout i32 -seed i: 123 -seed2 i: 21
v/cg/conv0/biases/read	Identity	GPU-0	 0:(64)->(64) -t f32	[[0, 0, 1000, 0, 0, 0, 0, 0, 1, 0, 0, 0, [1552507678751180000, 1552507678751180000, 1552507678751181000, 1552507678751182000]]]	v/cg/conv0/biases/read@GPU-0@ 0:(64)->(64) -t f32
tower_0/v/cg/conv4/Cast	Cast	GPU-0	 0:(256)->(256) -DstT f16 -SrcT f32	[[1000, 0, 17000, 0, 0, 0, 1, 0, 1, 0, 0, 0, [1552507678762719000, 1552507678762719000, 1552507678762720000, 1552507678762720000]]]	tower_0/v/cg/conv4/Cast@GPU-0@ 0:(256)->(256) -DstT f16 -SrcT f32
tower_0/v/l2_loss/L2Loss_11	L2Loss	GPU-0	 0:(4096)->(1) -t f32	[[7000, 0, 30000, 0, 0, 0, 1, 0, 1, 0, 0, 0, [1552507678755975000, 1552507678755975000, 1552507678755982000, 1552507678755982000]]]	tower_0/v/l2_loss/L2Loss_11@GPU-0@ 0:(4096)->(1) -t f32
main_fetch_group	NoOp	GPU-0	 0:(none)->(none)	[[0, 0, 500, 0, 0, 0, 0, 0, 1, 0, 0, 0, [1552507678904202000, 1552507678904202200, 1552507678904202700, 1552507678904204000]]]	main_fetch_group@GPU-0@ 0:(none)->(none)
tower_0/v/mul/x	Const	GPU-0	 0:(none)->(1) -t f32	[[0, 0, 2000, 0, 0, 0, 0, 0, 1, 0, 0, 0, [1552507678750807000, 1552507678750807000, 1552507678750809000, 1552507678750810000]]]	tower_0/v/mul/x@GPU-0@ 0:(none)->(1) -t f32
average_loss/Mean/input	ExpandDims	GPU-0	 0:(1) 1:(1)->(1) -N i: 1 -t f32 -axis i: 0	[[0, 0, 3000, 0, 0, 0, 0, 0, 1, 0, 0, 0, [1552507678815149000, 1552507678815150000, 1552507678815153000, 1552507678815154000]]]	average_loss/Mean/input@GPU-0@ 0:(1) 1:(1)->(1) -N i: 1 -t f32 -axis i: 0
tower_0/v/l2_loss/L2Loss_14	L2Loss	GPU-0	 0:(4096x1001)->(1) -t f32	[[110000, 0, 2158000, 0, 0, 0, 1, 0, 1, 0, 0, 0, [1552507678753326000, 1552507678753326000, 1552507678753453000, 1552507678753453000]]]	tower_0/v/l2_loss/L2Loss_14@GPU-0@ 0:(4096x1001)->(1) -t f32
append_apply_gradient_ops/GradientDescent/update_v/cg/conv0/conv2d/kernel/ApplyGradientDescent	ApplyGradientDescent	GPU-0	 0:(11x11x3x64) 1:(1) 2:(11x11x3x64)->(11x11x3x64) -t f32 -use_locking 0	[[3000, 0, 19000, 0, 0, 0, 1, 0, 1, 0, 0, 0, [1552507678904180000, 1552507678904180000, 1552507678904183000, 1552507678904183000]]]	append_apply_gradient_ops/GradientDescent/update_v/cg/conv0/conv2d/kernel/ApplyGradientDescent@GPU-0@ 0:(11x11x3x64) 1:(1) 2:(11x11x3x64)->(11x11x3x64) -t f32 -use_locking 0
tower_0/v/cg/conv4/conv2d/Conv2D	Conv2D	GPU-0	 0:(128x384x13x13) 1:(3x3x384x256)->(128x256x13x13) -t f16 -data_format NHWC -p s -cudnn 1	[[5988000, 0, 6086000, 0, 0, 0, 1, 0, 1, 0, 0, 0, [1552507678798417000, 1552507678798417000, 1552507678804478000, 1552507678804478000]]]	tower_0/v/cg/conv4/conv2d/Conv2D@GPU-0@ 0:(128x384x13x13) 1:(3x3x384x256)->(128x256x13x13) -t f16 -data_format NHWC -p s -cudnn 1
v/cg/conv2/biases/read	Identity	GPU-0	 0:(384)->(384) -t f32	[[0, 0, 500, 0, 0, 0, 0, 0, 1, 0, 0, 0, [1552507678751192000, 1552507678751192200, 1552507678751192700, 1552507678751194000]]]	v/cg/conv2/biases/read@GPU-0@ 0:(384)->(384) -t f32
tower_0/v/xentropy/sparse_softmax_cross_entropy_loss/Mul	Snapshot	GPU-0	 0:(128)->(128) -t f32	[[0, 0, 2000, 0, 0, 0, 0, 0, 1, 0, 0, 0, [1552507678810416000, 1552507678810417000, 1552507678810419000, 1552507678810420000]]]	tower_0/v/xentropy/sparse_softmax_cross_entropy_loss/Mul@GPU-0@ 0:(128)->(128) -t f32
tower_0/v/l2_loss/L2Loss_4	L2Loss	GPU-0	 0:(3x3x192x384)->(1) -t f32	[[26000, 0, 69000, 0, 0, 0, 1, 0, 1, 0, 0, 0, [1552507678762210000, 1552507678762210000, 1552507678762249000, 1552507678762249000]]]	tower_0/v/l2_loss/L2Loss_4@GPU-0@ 0:(3x3x192x384)->(1) -t f32
v/cg/affine0/biases	VariableV2	GPU-0	 0:(none)->(4096) -t f32	[[0, 0, 1000, 0, 0, 0, 0, 0, 1, 0, 0, 0, [1552507678750878000, 1552507678750879000, 1552507678750880000, 1552507678750882000]]]	v/cg/affine0/biases@GPU-0@ 0:(none)->(4096) -t f32
tower_0/v/gradients/Cast_1_grad/Cast	Cast	GPU-0	 0:(5x5x64x192)->(5x5x64x192) -DstT f32 -SrcT f16	[[14000, 0, 30000, 0, 0, 0, 1, 0, 1, 0, 0, 0, [1552507678894037000, 1552507678894037000, 1552507678894051000, 1552507678894051000]]]	tower_0/v/gradients/Cast_1_grad/Cast@GPU-0@ 0:(5x5x64x192)->(5x5x64x192) -DstT f32 -SrcT f16
append_apply_gradient_ops/GradientDescent/update_v/cg/affine0/weights/ApplyGradientDescent	ApplyGradientDescent	GPU-0	 0:(9216x4096) 1:(1) 2:(9216x4096)->(9216x4096) -t f32 -use_locking 0	[[2880000, 0, 2897000, 0, 0, 0, 1, 0, 1, 0, 0, 0, [1552507678833679000, 1552507678833679000, 1552507678836559000, 1552507678836559000]]]	append_apply_gradient_ops/GradientDescent/update_v/cg/affine0/weights/ApplyGradientDescent@GPU-0@ 0:(9216x4096) 1:(1) 2:(9216x4096)->(9216x4096) -t f32 -use_locking 0
tower_0/v/gradients/tower_0/v/cg/conv3/Relu_grad/ReluGrad	ReluGrad	GPU-0	 0:(128x384x13x13) 1:(128x384x13x13)->(128x384x13x13) -t f16	[[546000, 0, 567000, 0, 0, 0, 1, 0, 1, 0, 0, 0, [1552507678849316000, 1552507678849316000, 1552507678849862000, 1552507678849862000]]]	tower_0/v/gradients/tower_0/v/cg/conv3/Relu_grad/ReluGrad@GPU-0@ 0:(128x384x13x13) 1:(128x384x13x13)->(128x384x13x13) -t f16
tower_0/v/gradients/tower_0/v/l2_loss/L2Loss_9_grad/mul	Mul	GPU-0	 0:(256) 1:(1)->(256) -t f32	[[2000, 0, 30000, 0, 0, 0, 1, 0, 1, 0, 0, 0, [1552507678761608000, 1552507678761608000, 1552507678761610000, 1552507678761610000]]]	tower_0/v/gradients/tower_0/v/l2_loss/L2Loss_9_grad/mul@GPU-0@ 0:(256) 1:(1)->(256) -t f32
tower_0/v/l2_loss/L2Loss	L2Loss	GPU-0	 0:(11x11x3x64)->(1) -t f32	[[5000, 0, 212000, 0, 0, 0, 1, 0, 1, 0, 0, 0, [1552507678761463000, 1552507678761463000, 1552507678761644000, 1552507678761644000]]]	tower_0/v/l2_loss/L2Loss@GPU-0@ 0:(11x11x3x64)->(1) -t f32
tower_0/v/gradients/tower_0/v/l2_loss/L2Loss_5_grad/mul	Mul	GPU-0	 0:(384) 1:(1)->(384) -t f32	[[2000, 0, 20000, 0, 0, 0, 1, 0, 1, 0, 0, 0, [1552507678757838000, 1552507678757838000, 1552507678757840000, 1552507678757840000]]]	tower_0/v/gradients/tower_0/v/l2_loss/L2Loss_5_grad/mul@GPU-0@ 0:(384) 1:(1)->(384) -t f32
tower_0/v/gradients/tower_0/v/cg/affine1/xw_plus_b/MatMul_grad/MatMul_1	MatMul	GPU-0	 0:(128x4096) 1:(128x4096)->(4096x4096) -t f16 -tr_a 1 -tr_b 0	[[1373000, 0, 1396000, 0, 0, 0, 1, 0, 1, 0, 0, 0, [1552507678812456000, 1552507678812456000, 1552507678813829000, 1552507678813829000]]]	tower_0/v/gradients/tower_0/v/cg/affine1/xw_plus_b/MatMul_grad/MatMul_1@GPU-0@ 0:(128x4096) 1:(128x4096)->(4096x4096) -t f16 -tr_a 1 -tr_b 0
tower_0/v/gradients/tower_0/v/xentropy/sparse_softmax_cross_entropy_loss/xentropy/xentropy_grad/mul	Mul	GPU-0	 0:(128) 1:(128x1001)->(128x1001) -t f32	[[6000, 0, 25000, 0, 0, 0, 1, 0, 1, 0, 0, 0, [1552507678810437000, 1552507678810437000, 1552507678810443000, 1552507678810443000]]]	tower_0/v/gradients/tower_0/v/xentropy/sparse_softmax_cross_entropy_loss/xentropy/xentropy_grad/mul@GPU-0@ 0:(128) 1:(128x1001)->(128x1001) -t f32
v/cg/conv4/conv2d/kernel	VariableV2	GPU-0	 0:(none)->(3x3x384x256) -t f32	[[0, 0, 2000, 0, 0, 0, 0, 0, 1, 0, 0, 0, [1552507678750928000, 1552507678750928000, 1552507678750930000, 1552507678750931000]]]	v/cg/conv4/conv2d/kernel@GPU-0@ 0:(none)->(3x3x384x256) -t f32
v/cg/conv2/biases	VariableV2	GPU-0	 0:(none)->(384) -t f32	[[0, 0, 1000, 0, 0, 0, 0, 0, 1, 0, 0, 0, [1552507678750916000, 1552507678750917000, 1552507678750918000, 1552507678750919000]]]	v/cg/conv2/biases@GPU-0@ 0:(none)->(384) -t f32
tower_0/v/cg/conv3/BiasAdd	BiasAdd	GPU-0	 0:(128x384x13x13) 1:(384)->(128x384x13x13) -t f16 -data_format NHWC	[[544000, 0, 564000, 0, 0, 0, 1, 0, 1, 0, 0, 0, [1552507678797593000, 1552507678797593000, 1552507678798137000, 1552507678798137000]]]	tower_0/v/cg/conv3/BiasAdd@GPU-0@ 0:(128x384x13x13) 1:(384)->(128x384x13x13) -t f16 -data_format NHWC
tower_0/v/cg/conv4/BiasAdd	BiasAdd	GPU-0	 0:(128x256x13x13) 1:(256)->(128x256x13x13) -t f16 -data_format NHWC	[[363000, 0, 381000, 0, 0, 0, 1, 0, 1, 0, 0, 0, [1552507678804510000, 1552507678804510000, 1552507678804873000, 1552507678804873000]]]	tower_0/v/cg/conv4/BiasAdd@GPU-0@ 0:(128x256x13x13) 1:(256)->(128x256x13x13) -t f16 -data_format NHWC
tower_0/v/gradients/tower_0/v/xentropy/sparse_softmax_cross_entropy_loss/xentropy/xentropy_grad/ExpandDims	ExpandDims	GPU-0	 0:(128) 1:(1)->(128) -t f32 -Tdim i32	[[0, 0, 3000, 0, 0, 0, 0, 0, 1, 0, 0, 0, [1552507678762015000, 1552507678762016000, 1552507678762019000, 1552507678762020000]]]	tower_0/v/gradients/tower_0/v/xentropy/sparse_softmax_cross_entropy_loss/xentropy/xentropy_grad/ExpandDims@GPU-0@ 0:(128) 1:(1)->(128) -t f32 -Tdim i32
v/cg/affine2/biases/read	Identity	GPU-0	 0:(1001)->(1001) -t f32	[[0, 0, 1000, 0, 0, 0, 0, 0, 1, 0, 0, 0, [1552507678750936000, 1552507678750936000, 1552507678750937000, 1552507678750938000]]]	v/cg/affine2/biases/read@GPU-0@ 0:(1001)->(1001) -t f32
tower_0/v/cg/affine2/xw_plus_b/MatMul	MatMul	GPU-0	 0:(128x4096) 1:(4096x1001)->(128x1001) -t f16 -tr_a 0 -tr_b 0	[[343000, 0, 364000, 0, 0, 0, 1, 0, 1, 0, 0, 0, [1552507678809688000, 1552507678809688000, 1552507678810031000, 1552507678810031000]]]	tower_0/v/cg/affine2/xw_plus_b/MatMul@GPU-0@ 0:(128x4096) 1:(4096x1001)->(128x1001) -t f16 -tr_a 0 -tr_b 0
tower_0/v/cg/Reshape/shape	Const	GPU-0	 0:(none)->(2) -t i32	[[0, 0, 1000, 0, 0, 0, 0, 0, 1, 0, 0, 0, [1552507678750875000, 1552507678750875000, 1552507678750876000, 1552507678750878000]]]	tower_0/v/cg/Reshape/shape@GPU-0@ 0:(none)->(2) -t i32
tower_0/v/cg/dropout0/dropout/dropout/add	Add	GPU-0	 0:(1) 1:(128x4096)->(128x4096) -t f16	[[19000, 0, 35000, 0, 0, 0, 1, 0, 1, 0, 0, 0, [1552507678762786000, 1552507678762786000, 1552507678762805000, 1552507678762805000]]]	tower_0/v/cg/dropout0/dropout/dropout/add@GPU-0@ 0:(1) 1:(128x4096)->(128x4096) -t f16
tower_0/v/cg/conv1/BiasAdd	BiasAdd	GPU-0	 0:(128x192x27x27) 1:(192)->(128x192x27x27) -t f16 -data_format NHWC	[[1178000, 0, 1201000, 0, 0, 0, 1, 0, 1, 0, 0, 0, [1552507678779798000, 1552507678779798000, 1552507678780976000, 1552507678780976000]]]	tower_0/v/cg/conv1/BiasAdd@GPU-0@ 0:(128x192x27x27) 1:(192)->(128x192x27x27) -t f16 -data_format NHWC
tower_0/v/cg/conv1/Cast	Cast	GPU-0	 0:(192)->(192) -DstT f16 -SrcT f32	[[2000, 0, 18000, 0, 0, 0, 1, 0, 1, 0, 0, 0, [1552507678762177000, 1552507678762177000, 1552507678762179000, 1552507678762179000]]]	tower_0/v/cg/conv1/Cast@GPU-0@ 0:(192)->(192) -DstT f16 -SrcT f32
v/cg/conv0/conv2d/kernel/read	Identity	GPU-0	 0:(11x11x3x64)->(11x11x3x64) -t f32	[[0, 0, 500, 0, 0, 0, 0, 0, 1, 0, 0, 0, [1552507678751176000, 1552507678751176200, 1552507678751176700, 1552507678751179000]]]	v/cg/conv0/conv2d/kernel/read@GPU-0@ 0:(11x11x3x64)->(11x11x3x64) -t f32
tower_0/v/gradients/tower_0/v/cg/conv3/Cast_grad/Cast	Cast	GPU-0	 0:(384)->(384) -DstT f32 -SrcT f16	[[2000, 0, 20000, 0, 0, 0, 1, 0, 1, 0, 0, 0, [1552507678868124000, 1552507678868124000, 1552507678868126000, 1552507678868126000]]]	tower_0/v/gradients/tower_0/v/cg/conv3/Cast_grad/Cast@GPU-0@ 0:(384)->(384) -DstT f32 -SrcT f16
_SOURCE	NoOp	CPU-0	 0:(none)->(none)	[[0, 0, 0, 1000, 0, 0, 0, 0, 0, 1, 0, 0, [1552507678750675000, 1552507678750675000, 1552507678750676000, 1552507678750678000]]]	_SOURCE@CPU-0@ 0:(none)->(none)
tower_0/v/gradients/tower_0/v/l2_loss/L2Loss_7_grad/mul	Mul	GPU-0	 0:(384) 1:(1)->(384) -t f32	[[2000, 0, 20000, 0, 0, 0, 1, 0, 1, 0, 0, 0, [1552507678757924000, 1552507678757924000, 1552507678757926000, 1552507678757926000]]]	tower_0/v/gradients/tower_0/v/l2_loss/L2Loss_7_grad/mul@GPU-0@ 0:(384) 1:(1)->(384) -t f32
tower_0/v/gradients/Cast_4_grad/Cast	Cast	GPU-0	 0:(3x3x384x256)->(3x3x384x256) -DstT f32 -SrcT f16	[[39000, 0, 54000, 0, 0, 0, 1, 0, 1, 0, 0, 0, [1552507678849910000, 1552507678849910000, 1552507678849949000, 1552507678849949000]]]	tower_0/v/gradients/Cast_4_grad/Cast@GPU-0@ 0:(3x3x384x256)->(3x3x384x256) -DstT f32 -SrcT f16
tower_0/v/cg/dropout0/dropout/dropout/Floor	Floor	GPU-0	 0:(128x4096)->(128x4096) -t f16	[[19000, 0, 36000, 0, 0, 0, 1, 0, 1, 0, 0, 0, [1552507678768905000, 1552507678768905000, 1552507678768924000, 1552507678768924000]]]	tower_0/v/cg/dropout0/dropout/dropout/Floor@GPU-0@ 0:(128x4096)->(128x4096) -t f16
Cast_1	Cast	GPU-0	 0:(5x5x64x192)->(5x5x64x192) -DstT f16 -SrcT f32	[[11000, 0, 28000, 0, 0, 0, 1, 0, 1, 0, 0, 0, [1552507678762116000, 1552507678762116000, 1552507678762127000, 1552507678762127000]]]	Cast_1@GPU-0@ 0:(5x5x64x192)->(5x5x64x192) -DstT f16 -SrcT f32
main_fetch_group/_40	Const	GPU-0	 0:(none)->(1)	[[0, 0, 3000, 0, 0, 0, 0, 0, 1, 0, 0, 0, [1552507678904205000, 1552507678904205000, 1552507678904208000, 1552507678904208000]]]	main_fetch_group/_40@GPU-0@ 0:(none)->(1)
tower_0/v/cg/dropout0_1/dropout/dropout/keep_prob	Const	GPU-0	 0:(none)->(1) -t f16	[[0, 0, 9000, 0, 0, 0, 0, 0, 1, 0, 0, 0, [1552507678750854000, 1552507678750854000, 1552507678750863000, 1552507678750864000]]]	tower_0/v/cg/dropout0_1/dropout/dropout/keep_prob@GPU-0@ 0:(none)->(1) -t f16
tower_0/v/cg/affine1/xw_plus_b	BiasAdd	GPU-0	 0:(128x4096) 1:(4096)->(128x4096) -t f16 -data_format NHWC	[[36000, 0, 53000, 0, 0, 0, 1, 0, 1, 0, 0, 0, [1552507678809511000, 1552507678809511000, 1552507678809547000, 1552507678809547000]]]	tower_0/v/cg/affine1/xw_plus_b@GPU-0@ 0:(128x4096) 1:(4096)->(128x4096) -t f16 -data_format NHWC
ConstantFolding/tower_0/v/gradients/tower_0/v/cg/conv2/conv2d/Conv2D_grad/ShapeN-matshapes-1	ShapeN-matshapes-1	GPU-0	 0:(3x3x192x384) 1:(128x192x13x13)->(4)	[[0, 0, 500, 0, 0, 0, 0, 0, 1, 0, 0, 0, [1552507678782345000, 1552507678782345200, 1552507678782345700, 1552507678782347000]]]	ConstantFolding/tower_0/v/gradients/tower_0/v/cg/conv2/conv2d/Conv2D_grad/ShapeN-matshapes-1@GPU-0@ 0:(3x3x192x384) 1:(128x192x13x13)->(4)
tower_0/v/l2_loss/L2Loss_3	L2Loss	GPU-0	 0:(192)->(1) -t f32	[[2000, 0, 20000, 0, 0, 0, 1, 0, 1, 0, 0, 0, [1552507678762153000, 1552507678762153000, 1552507678762155000, 1552507678762155000]]]	tower_0/v/l2_loss/L2Loss_3@GPU-0@ 0:(192)->(1) -t f32
ConstantFolding/tower_0/v/gradients/tower_0/v/cg/conv3/conv2d/Conv2D_grad/ShapeN-matshapes-1	ShapeN-matshapes-1	GPU-0	 0:(3x3x384x384) 1:(128x384x13x13)->(4)	[[0, 0, 500, 0, 0, 0, 0, 0, 1, 0, 0, 0, [1552507678788299000, 1552507678788299200, 1552507678788299700, 1552507678788301000]]]	ConstantFolding/tower_0/v/gradients/tower_0/v/cg/conv3/conv2d/Conv2D_grad/ShapeN-matshapes-1@GPU-0@ 0:(3x3x384x384) 1:(128x384x13x13)->(4)
tower_0/v/gradients/tower_0/v/xentropy/sparse_softmax_cross_entropy_loss/xentropy/xentropy_grad/ExpandDims/dim	Const	GPU-0	 0:(none)->(1) -t i32	[[0, 0, 1000, 0, 0, 0, 0, 0, 1, 0, 0, 0, [1552507678750822000, 1552507678750822000, 1552507678750823000, 1552507678750824000]]]	tower_0/v/gradients/tower_0/v/xentropy/sparse_softmax_cross_entropy_loss/xentropy/xentropy_grad/ExpandDims/dim@GPU-0@ 0:(none)->(1) -t i32
append_apply_gradient_ops/GradientDescent/update_v/cg/conv4/conv2d/kernel/ApplyGradientDescent	ApplyGradientDescent	GPU-0	 0:(3x3x384x256) 1:(1) 2:(3x3x384x256)->(3x3x384x256) -t f32 -use_locking 0	[[70000, 0, 87000, 0, 0, 0, 1, 0, 1, 0, 0, 0, [1552507678879475000, 1552507678879475000, 1552507678879545000, 1552507678879545000]]]	append_apply_gradient_ops/GradientDescent/update_v/cg/conv4/conv2d/kernel/ApplyGradientDescent@GPU-0@ 0:(3x3x384x256) 1:(1) 2:(3x3x384x256)->(3x3x384x256) -t f32 -use_locking 0
tower_0/v/cg/dropout0_1/dropout/dropout/mul	Mul	GPU-0	 0:(128x4096) 1:(128x4096)->(128x4096) -t f16	[[21000, 0, 39000, 0, 0, 0, 1, 0, 1, 0, 0, 0, [1552507678809640000, 1552507678809640000, 1552507678809661000, 1552507678809661000]]]	tower_0/v/cg/dropout0_1/dropout/dropout/mul@GPU-0@ 0:(128x4096) 1:(128x4096)->(128x4096) -t f16
tower_0/v/gradients/tower_0/v/cg/affine0/xw_plus_b/MatMul_grad/MatMul	MatMul	GPU-0	 0:(128x4096) 1:(9216x4096)->(128x9216) -t f16 -tr_a 0 -tr_b 1	[[2696000, 0, 2720000, 0, 0, 0, 1, 0, 1, 0, 0, 0, [1552507678821815000, 1552507678821815000, 1552507678824511000, 1552507678824511000]]]	tower_0/v/gradients/tower_0/v/cg/affine0/xw_plus_b/MatMul_grad/MatMul@GPU-0@ 0:(128x4096) 1:(9216x4096)->(128x9216) -t f16 -tr_a 0 -tr_b 1
tower_0/v/gradients/tower_0/v/xentropy/sparse_softmax_cross_entropy_loss/Mul_grad/Mul	Snapshot	GPU-0	 0:(128)->(128) -t f32	[[0, 0, 3000, 0, 0, 0, 0, 0, 1, 0, 0, 0, [1552507678762010000, 1552507678762010000, 1552507678762013000, 1552507678762014000]]]	tower_0/v/gradients/tower_0/v/xentropy/sparse_softmax_cross_entropy_loss/Mul_grad/Mul@GPU-0@ 0:(128)->(128) -t f32
tower_0/v/gradients/tower_0/v/cg/dropout0_1/dropout/dropout/div_grad/RealDiv	Mul	GPU-0	 0:(128x4096) 1:(128x4096)->(128x4096) -t f16	[[24000, 0, 42000, 0, 0, 0, 1, 0, 1, 0, 0, 0, [1552507678811616000, 1552507678811616000, 1552507678811640000, 1552507678811640000]]]	tower_0/v/gradients/tower_0/v/cg/dropout0_1/dropout/dropout/div_grad/RealDiv@GPU-0@ 0:(128x4096) 1:(128x4096)->(128x4096) -t f16
loss_scale/read	Identity	CPU-0	 0:(1)->(1) -t f32	[[0, 0, 0, 1000, 0, 0, 0, 0, 0, 1, 0, 0, [1552507678750717000, 1552507678750718000, 1552507678750719000, 1552507678750721000]]]	loss_scale/read@CPU-0@ 0:(1)->(1) -t f32
tower_0/v/cg/affine1/xw_plus_b/MatMul	MatMul	GPU-0	 0:(128x4096) 1:(4096x4096)->(128x4096) -t f16 -tr_a 0 -tr_b 0	[[1175000, 0, 1196000, 0, 0, 0, 1, 0, 1, 0, 0, 0, [1552507678808312000, 1552507678808312000, 1552507678809487000, 1552507678809487000]]]	tower_0/v/cg/affine1/xw_plus_b/MatMul@GPU-0@ 0:(128x4096) 1:(4096x4096)->(128x4096) -t f16 -tr_a 0 -tr_b 0
tower_0/v/gradients/tower_0/v/l2_loss/L2Loss_4_grad/mul	Mul	GPU-0	 0:(3x3x192x384) 1:(1)->(3x3x192x384) -t f32	[[35000, 0, 54000, 0, 0, 0, 1, 0, 1, 0, 0, 0, [1552507678757861000, 1552507678757861000, 1552507678757896000, 1552507678757896000]]]	tower_0/v/gradients/tower_0/v/l2_loss/L2Loss_4_grad/mul@GPU-0@ 0:(3x3x192x384) 1:(1)->(3x3x192x384) -t f32
tower_0/v/cg/mpool2/MaxPool-0-0-TransposeNCHWToNHWC-LayoutOptimizer	Transpose	GPU-0	 0:(128x256x6x6) 1:(4)->(128x6x6x256)	[[74000, 0, 98000, 0, 0, 0, 1, 0, 1, 0, 0, 0, [1552507678805358000, 1552507678805358000, 1552507678805432000, 1552507678805432000]]]	tower_0/v/cg/mpool2/MaxPool-0-0-TransposeNCHWToNHWC-LayoutOptimizer@GPU-0@ 0:(128x256x6x6) 1:(4)->(128x6x6x256)
tower_0/v/xentropy/sparse_softmax_cross_entropy_loss/Const_1	Const	GPU-0	 0:(none)->(1) -t i32	[[0, 0, 2000, 0, 0, 0, 0, 0, 1, 0, 0, 0, [1552507678750792000, 1552507678750792000, 1552507678750794000, 1552507678750797000]]]	tower_0/v/xentropy/sparse_softmax_cross_entropy_loss/Const_1@GPU-0@ 0:(none)->(1) -t i32
tower_0/v/mul_9	Mul	GPU-0	 0:(384) 1:(1)->(384) -t f32	[[2000, 0, 21000, 0, 0, 0, 1, 0, 1, 0, 0, 0, [1552507678880960000, 1552507678880960000, 1552507678880962000, 1552507678880962000]]]	tower_0/v/mul_9@GPU-0@ 0:(384) 1:(1)->(384) -t f32
tower_0/v/gradients/tower_0/v/cg/conv2/Relu_grad/ReluGrad	ReluGrad	GPU-0	 0:(128x384x13x13) 1:(128x384x13x13)->(128x384x13x13) -t f16	[[546000, 0, 564000, 0, 0, 0, 1, 0, 1, 0, 0, 0, [1552507678867552000, 1552507678867552000, 1552507678868098000, 1552507678868098000]]]	tower_0/v/gradients/tower_0/v/cg/conv2/Relu_grad/ReluGrad@GPU-0@ 0:(128x384x13x13) 1:(128x384x13x13)->(128x384x13x13) -t f16
tower_0/v/cg/conv2/conv2d/Conv2D	Conv2D	GPU-0	 0:(128x192x13x13) 1:(3x3x192x384)->(128x384x13x13) -t f16 -data_format NHWC -p s -cudnn 1	[[5007000, 0, 5124000, 0, 0, 0, 1, 0, 1, 0, 0, 0, [1552507678782367000, 1552507678782367000, 1552507678787464000, 1552507678787464000]]]	tower_0/v/cg/conv2/conv2d/Conv2D@GPU-0@ 0:(128x192x13x13) 1:(3x3x192x384)->(128x384x13x13) -t f16 -data_format NHWC -p s -cudnn 1
tower_0/v/cg/mpool2/MaxPool	MaxPool	GPU-0	 0:(128x256x13x13)->(128x256x6x6) -t f16 -data_format NHWC -ksize list { i: 1 i: 3 i: 3 i: 1} -strides 1 2 2 1	[[252000, 0, 279000, 0, 0, 0, 1, 0, 1, 0, 0, 0, [1552507678805074000, 1552507678805074000, 1552507678805326000, 1552507678805326000]]]	tower_0/v/cg/mpool2/MaxPool@GPU-0@ 0:(128x256x13x13)->(128x256x6x6) -t f16 -data_format NHWC -ksize list { i: 1 i: 3 i: 3 i: 1} -strides 1 2 2 1
v/cg/conv3/biases	VariableV2	GPU-0	 0:(none)->(384) -t f32	[[0, 0, 1000, 0, 0, 0, 0, 0, 1, 0, 0, 0, [1552507678750924000, 1552507678750925000, 1552507678750926000, 1552507678750927000]]]	v/cg/conv3/biases@GPU-0@ 0:(none)->(384) -t f32
tower_0/v/l2_loss/L2Loss_7	L2Loss	GPU-0	 0:(384)->(1) -t f32	[[3000, 0, 19000, 0, 0, 0, 1, 0, 1, 0, 0, 0, [1552507678762528000, 1552507678762528000, 1552507678762531000, 1552507678762531000]]]	tower_0/v/l2_loss/L2Loss_7@GPU-0@ 0:(384)->(1) -t f32
tower_0/v/gradients/tower_0/v/l2_loss/L2Loss_grad/mul	Mul	GPU-0	 0:(11x11x3x64) 1:(1)->(11x11x3x64) -t f32	[[3000, 0, 33000, 0, 0, 0, 1, 0, 1, 0, 0, 0, [1552507678757738000, 1552507678757738000, 1552507678757741000, 1552507678757741000]]]	tower_0/v/gradients/tower_0/v/l2_loss/L2Loss_grad/mul@GPU-0@ 0:(11x11x3x64) 1:(1)->(11x11x3x64) -t f32
tower_0/v/cg/dropout0_1/dropout/dropout/random_uniform/RandomUniform	RandomUniform	GPU-0	 0:(2)->(128x4096) -t i32 -t f16 -seed i: 123 -seed2 i: 191	[[43000, 0, 80000, 0, 0, 0, 1, 0, 1, 0, 0, 0, [1552507678751035000, 1552507678751035000, 1552507678751078000, 1552507678751078000]]]	tower_0/v/cg/dropout0_1/dropout/dropout/random_uniform/RandomUniform@GPU-0@ 0:(2)->(128x4096) -t i32 -t f16 -seed i: 123 -seed2 i: 191
tower_0/v/cg/dropout0_1/dropout/dropout/Shape	Const	GPU-0	 0:(none)->(2) -t i32	[[0, 0, 1000, 0, 0, 0, 0, 0, 1, 0, 0, 0, [1552507678750865000, 1552507678750866000, 1552507678750867000, 1552507678750868000]]]	tower_0/v/cg/dropout0_1/dropout/dropout/Shape@GPU-0@ 0:(none)->(2) -t i32
tower_0/v/gradients/tower_0/v/cg/Reshape_grad/Shape	Const	GPU-0	 0:(none)->(4) -t i32	[[0, 0, 500, 0, 0, 0, 0, 0, 1, 0, 0, 0, [1552507678750887000, 1552507678750887200, 1552507678750887700, 1552507678750889000]]]	tower_0/v/gradients/tower_0/v/cg/Reshape_grad/Shape@GPU-0@ 0:(none)->(4) -t i32
v/cg/conv4/biases	VariableV2	GPU-0	 0:(none)->(256) -t f32	[[0, 0, 1000, 0, 0, 0, 0, 0, 1, 0, 0, 0, [1552507678750932000, 1552507678750933000, 1552507678750934000, 1552507678750935000]]]	v/cg/conv4/biases@GPU-0@ 0:(none)->(256) -t f32
tower_0/v/cg/conv4/Relu	Relu	GPU-0	 0:(128x256x13x13)->(128x256x13x13) -t f16	[[150000, 0, 166000, 0, 0, 0, 1, 0, 1, 0, 0, 0, [1552507678804895000, 1552507678804895000, 1552507678805045000, 1552507678805045000]]]	tower_0/v/cg/conv4/Relu@GPU-0@ 0:(128x256x13x13)->(128x256x13x13) -t f16
tower_0/v/gradients/Cast_2_grad/Cast	Cast	GPU-0	 0:(3x3x192x384)->(3x3x192x384) -DstT f32 -SrcT f16	[[27000, 0, 44000, 0, 0, 0, 1, 0, 1, 0, 0, 0, [1552507678880907000, 1552507678880907000, 1552507678880934000, 1552507678880934000]]]	tower_0/v/gradients/Cast_2_grad/Cast@GPU-0@ 0:(3x3x192x384)->(3x3x192x384) -DstT f32 -SrcT f16
tower_0/v/gradients/tower_0/v/cg/conv3/conv2d/Conv2D_grad/Conv2DBackpropInput-0-LayoutOptimizer	Const	GPU-0	 0:(none)->(4)	[[0, 0, 1000, 0, 0, 0, 0, 0, 1, 0, 0, 0, [1552507678788295000, 1552507678788295000, 1552507678788296000, 1552507678788297000]]]	tower_0/v/gradients/tower_0/v/cg/conv3/conv2d/Conv2D_grad/Conv2DBackpropInput-0-LayoutOptimizer@GPU-0@ 0:(none)->(4)
inc_global_step/AssignAdd/value	Const	CPU-0	 0:(none)->(1) -t i64	[[0, 0, 0, 2000, 0, 0, 0, 0, 0, 1, 0, 0, [1552507678904339000, 1552507678904339000, 1552507678904341000, 1552507678904342000]]]	inc_global_step/AssignAdd/value@CPU-0@ 0:(none)->(1) -t i64
tower_0/v/gradients/tower_0/v/mul_grad/Mul_1	Mul	GPU-0	 0:(1) 1:(1)->(1) -t f32	[[2000, 0, 197000, 0, 0, 0, 1, 0, 1, 0, 0, 0, [1552507678751217000, 1552507678751217000, 1552507678751219000, 1552507678751219000]]]	tower_0/v/gradients/tower_0/v/mul_grad/Mul_1@GPU-0@ 0:(1) 1:(1)->(1) -t f32
ConstantFolding/average_loss/Mean/input_const_axis	Const	GPU-0	 0:(none)->(1)	[[0, 0, 1000, 0, 0, 0, 0, 0, 1, 0, 0, 0, [1552507678812101000, 1552507678812102000, 1552507678812103000, 1552507678812105000]]]	ConstantFolding/average_loss/Mean/input_const_axis@GPU-0@ 0:(none)->(1)
tower_0/v/cg/dropout0/dropout/dropout/random_uniform/RandomUniform	RandomUniform	GPU-0	 0:(2)->(128x4096) -t i32 -t f16 -seed i: 123 -seed2 i: 161	[[43000, 0, 63000, 0, 0, 0, 1, 0, 1, 0, 0, 0, [1552507678751111000, 1552507678751111000, 1552507678751154000, 1552507678751154000]]]	tower_0/v/cg/dropout0/dropout/dropout/random_uniform/RandomUniform@GPU-0@ 0:(2)->(128x4096) -t i32 -t f16 -seed i: 123 -seed2 i: 161
_retval_inc_global_step/AssignAdd_0_1	_Retval	CPU-0	 0:(1)->(none)	[[0, 0, 0, 500, 0, 0, 0, 0, 0, 1, 0, 0, [1552507678904351000, 1552507678904351200, 1552507678904351700, 1552507678904354000]]]	_retval_inc_global_step/AssignAdd_0_1@CPU-0@ 0:(1)->(none)
tower_0/v/cg/conv2/Relu	Relu	GPU-0	 0:(128x384x13x13)->(128x384x13x13) -t f16	[[223000, 0, 241000, 0, 0, 0, 1, 0, 1, 0, 0, 0, [1552507678788062000, 1552507678788062000, 1552507678788285000, 1552507678788285000]]]	tower_0/v/cg/conv2/Relu@GPU-0@ 0:(128x384x13x13)->(128x384x13x13) -t f16
tower_0/v/mul_14	Mul	GPU-0	 0:(4096x4096) 1:(1)->(4096x4096) -t f32	[[872000, 0, 889000, 0, 0, 0, 1, 0, 1, 0, 0, 0, [1552507678817871000, 1552507678817871000, 1552507678818743000, 1552507678818743000]]]	tower_0/v/mul_14@GPU-0@ 0:(4096x4096) 1:(1)->(4096x4096) -t f32
append_apply_gradient_ops/GradientDescent/update_v/cg/conv3/conv2d/kernel/ApplyGradientDescent	ApplyGradientDescent	GPU-0	 0:(3x3x384x384) 1:(1) 2:(3x3x384x384)->(3x3x384x384) -t f32 -use_locking 0	[[103000, 0, 119000, 0, 0, 0, 1, 0, 1, 0, 0, 0, [1552507678882396000, 1552507678882396000, 1552507678882499000, 1552507678882499000]]]	append_apply_gradient_ops/GradientDescent/update_v/cg/conv3/conv2d/kernel/ApplyGradientDescent@GPU-0@ 0:(3x3x384x384) 1:(1) 2:(3x3x384x384)->(3x3x384x384) -t f32 -use_locking 0
tower_0/v/gradients/tower_0/v/cg/affine2/Cast_grad/Cast	Cast	GPU-0	 0:(4096x1001)->(4096x1001) -DstT f32 -SrcT f16	[[173000, 0, 190000, 0, 0, 0, 1, 0, 1, 0, 0, 0, [1552507678811416000, 1552507678811416000, 1552507678811589000, 1552507678811589000]]]	tower_0/v/gradients/tower_0/v/cg/affine2/Cast_grad/Cast@GPU-0@ 0:(4096x1001)->(4096x1001) -DstT f32 -SrcT f16
tower_0/v/gradients/tower_0/v/cg/conv3/BiasAdd_grad/BiasAddGrad	BiasAddGrad	GPU-0	 0:(128x384x13x13)->(384) -t f16 -data_format NHWC	[[308000, 0, 335000, 0, 0, 0, 1, 0, 1, 0, 0, 0, [1552507678858534000, 1552507678858534000, 1552507678858842000, 1552507678858842000]]]	tower_0/v/gradients/tower_0/v/cg/conv3/BiasAdd_grad/BiasAddGrad@GPU-0@ 0:(128x384x13x13)->(384) -t f16 -data_format NHWC
tower_0/v/cg/conv0/BiasAdd	BiasAdd	GPU-0	 0:(128x64x55x55) 1:(64)->(128x64x55x55) -t f16 -data_format NHWC	[[2821000, 0, 2839000, 0, 0, 0, 1, 0, 1, 0, 0, 0, [1552507678768944000, 1552507678768944000, 1552507678771765000, 1552507678771765000]]]	tower_0/v/cg/conv0/BiasAdd@GPU-0@ 0:(128x64x55x55) 1:(64)->(128x64x55x55) -t f16 -data_format NHWC
tower_0/v/gradients/tower_0/v/cg/conv2/conv2d/Conv2D_grad/Conv2DBackpropInput-0-LayoutOptimizer	Const	GPU-0	 0:(none)->(4)	[[0, 0, 1000, 0, 0, 0, 0, 0, 1, 0, 0, 0, [1552507678782340000, 1552507678782341000, 1552507678782342000, 1552507678782344000]]]	tower_0/v/gradients/tower_0/v/cg/conv2/conv2d/Conv2D_grad/Conv2DBackpropInput-0-LayoutOptimizer@GPU-0@ 0:(none)->(4)
tower_0/v/l2_loss/L2Loss_13	L2Loss	GPU-0	 0:(4096)->(1) -t f32	[[7000, 0, 24000, 0, 0, 0, 1, 0, 1, 0, 0, 0, [1552507678753667000, 1552507678753667000, 1552507678753674000, 1552507678753674000]]]	tower_0/v/l2_loss/L2Loss_13@GPU-0@ 0:(4096)->(1) -t f32
tower_0/v/gradients/tower_0/v/cg/affine0/Cast_grad/Cast	Cast	GPU-0	 0:(9216x4096)->(9216x4096) -DstT f32 -SrcT f16	[[1793000, 0, 1810000, 0, 0, 0, 1, 0, 1, 0, 0, 0, [1552507678825887000, 1552507678825887000, 1552507678827680000, 1552507678827680000]]]	tower_0/v/gradients/tower_0/v/cg/affine0/Cast_grad/Cast@GPU-0@ 0:(9216x4096)->(9216x4096) -DstT f32 -SrcT f16
tower_0/v/cg/affine0/xw_plus_b/MatMul	MatMul	GPU-0	 0:(128x9216) 1:(9216x4096)->(128x4096) -t f16 -tr_a 0 -tr_b 0	[[2622000, 0, 2656000, 0, 0, 0, 1, 0, 1, 0, 0, 0, [1552507678805478000, 1552507678805478000, 1552507678808100000, 1552507678808100000]]]	tower_0/v/cg/affine0/xw_plus_b/MatMul@GPU-0@ 0:(128x9216) 1:(9216x4096)->(128x4096) -t f16 -tr_a 0 -tr_b 0
append_apply_gradient_ops/GradientDescent/update_v/cg/conv4/biases/ApplyGradientDescent	ApplyGradientDescent	GPU-0	 0:(256) 1:(1) 2:(256)->(256) -t f32 -use_locking 0	[[3000, 0, 21000, 0, 0, 0, 1, 0, 1, 0, 0, 0, [1552507678879448000, 1552507678879448000, 1552507678879451000, 1552507678879451000]]]	append_apply_gradient_ops/GradientDescent/update_v/cg/conv4/biases/ApplyGradientDescent@GPU-0@ 0:(256) 1:(1) 2:(256)->(256) -t f32 -use_locking 0
v/cg/conv4/biases/read	Identity	GPU-0	 0:(256)->(256) -t f32	[[0, 0, 1000, 0, 0, 0, 0, 0, 1, 0, 0, 0, [1552507678751205000, 1552507678751205000, 1552507678751206000, 1552507678751207000]]]	v/cg/conv4/biases/read@GPU-0@ 0:(256)->(256) -t f32
tower_0/v/cg/conv3/conv2d/Conv2D	Conv2D	GPU-0	 0:(128x384x13x13) 1:(3x3x384x384)->(128x384x13x13) -t f16 -data_format NHWC -p s -cudnn 1	[[9163000, 0, 9267000, 0, 0, 0, 1, 0, 1, 0, 0, 0, [1552507678788319000, 1552507678788319000, 1552507678797561000, 1552507678797561000]]]	tower_0/v/cg/conv3/conv2d/Conv2D@GPU-0@ 0:(128x384x13x13) 1:(3x3x384x384)->(128x384x13x13) -t f16 -data_format NHWC -p s -cudnn 1
tower_0/v/gradients/tower_0/v/cg/conv0/Relu_grad/ReluGrad	ReluGrad	GPU-0	 0:(128x64x55x55) 1:(128x64x55x55)->(128x64x55x55) -t f16	[[1625000, 0, 1643000, 0, 0, 0, 1, 0, 1, 0, 0, 0, [1552507678894176000, 1552507678894176000, 1552507678895801000, 1552507678895801000]]]	tower_0/v/gradients/tower_0/v/cg/conv0/Relu_grad/ReluGrad@GPU-0@ 0:(128x64x55x55) 1:(128x64x55x55)->(128x64x55x55) -t f16
tower_0/v/gradients/tower_0/v/cg/conv0/BiasAdd_grad/BiasAddGrad	BiasAddGrad	GPU-0	 0:(128x64x55x55)->(64) -t f16 -data_format NHWC	[[906000, 0, 931000, 0, 0, 0, 1, 0, 1, 0, 0, 0, [1552507678895903000, 1552507678895903000, 1552507678896809000, 1552507678896809000]]]	tower_0/v/gradients/tower_0/v/cg/conv0/BiasAdd_grad/BiasAddGrad@GPU-0@ 0:(128x64x55x55)->(64) -t f16 -data_format NHWC
tower_0/v/l2_loss/L2Loss_8	L2Loss	GPU-0	 0:(3x3x384x256)->(1) -t f32	[[28000, 0, 66000, 0, 0, 0, 1, 0, 1, 0, 0, 0, [1552507678762581000, 1552507678762581000, 1552507678762621000, 1552507678762621000]]]	tower_0/v/l2_loss/L2Loss_8@GPU-0@ 0:(3x3x384x256)->(1) -t f32
append_apply_gradient_ops/GradientDescent/update_v/cg/affine0/biases/ApplyGradientDescent	ApplyGradientDescent	GPU-0	 0:(4096) 1:(1) 2:(4096)->(4096) -t f32 -use_locking 0	[[3000, 0, 22000, 0, 0, 0, 1, 0, 1, 0, 0, 0, [1552507678833653000, 1552507678833653000, 1552507678833656000, 1552507678833656000]]]	append_apply_gradient_ops/GradientDescent/update_v/cg/affine0/biases/ApplyGradientDescent@GPU-0@ 0:(4096) 1:(1) 2:(4096)->(4096) -t f32 -use_locking 0
v/cg/affine2/weights	VariableV2	GPU-0	 0:(none)->(4096x1001) -t f32	[[0, 0, 2000, 0, 0, 0, 0, 0, 1, 0, 0, 0, [1552507678750841000, 1552507678750841000, 1552507678750843000, 1552507678750844000]]]	v/cg/affine2/weights@GPU-0@ 0:(none)->(4096x1001) -t f32
v/cg/conv0/biases	VariableV2	GPU-0	 0:(none)->(64) -t f32	[[0, 0, 2000, 0, 0, 0, 0, 0, 1, 0, 0, 0, [1552507678750901000, 1552507678750901000, 1552507678750903000, 1552507678750904000]]]	v/cg/conv0/biases@GPU-0@ 0:(none)->(64) -t f32
tower_0/v/gradients/tower_0/v/cg/affine2/xw_plus_b_grad/BiasAddGrad	BiasAddGrad	GPU-0	 0:(128x1001)->(1001) -t f16 -data_format NHWC	[[14000, 0, 48000, 0, 0, 0, 1, 0, 1, 0, 0, 0, [1552507678810567000, 1552507678810567000, 1552507678810581000, 1552507678810581000]]]	tower_0/v/gradients/tower_0/v/cg/affine2/xw_plus_b_grad/BiasAddGrad@GPU-0@ 0:(128x1001)->(1001) -t f16 -data_format NHWC
tower_0/v/xentropy/sparse_softmax_cross_entropy_loss/xentropy/xentropy	SparseSoftmaxCrossEntropyWithLogits	GPU-0	 0:(128x1001) 1:(128)->(128)(128x1001 slot 1 slot ) -t f32 -Tlabels i32	[[190000, 0, 305000, 0, 0, 0, 1, 0, 1, 0, 0, 0, [1552507678810122000, 1552507678810122000, 1552507678810404000, 1552507678810404000]]]	tower_0/v/xentropy/sparse_softmax_cross_entropy_loss/xentropy/xentropy@GPU-0@ 0:(128x1001) 1:(128)->(128)(128x1001 slot 1 slot ) -t f32 -Tlabels i32
v/cg/conv3/biases/read	Identity	GPU-0	 0:(384)->(384) -t f32	[[0, 0, 1000, 0, 0, 0, 0, 0, 1, 0, 0, 0, [1552507678751199000, 1552507678751199000, 1552507678751200000, 1552507678751201000]]]	v/cg/conv3/biases/read@GPU-0@ 0:(384)->(384) -t f32
tower_0/v/gradients/tower_0/v/cg/affine1/Cast_grad/Cast	Cast	GPU-0	 0:(4096x4096)->(4096x4096) -DstT f32 -SrcT f16	[[769000, 0, 785000, 0, 0, 0, 1, 0, 1, 0, 0, 0, [1552507678815556000, 1552507678815556000, 1552507678816325000, 1552507678816325000]]]	tower_0/v/gradients/tower_0/v/cg/affine1/Cast_grad/Cast@GPU-0@ 0:(4096x4096)->(4096x4096) -DstT f32 -SrcT f16
tower_0/v/mul_17	Mul	GPU-0	 0:(1001) 1:(1)->(1001) -t f32	[[2000, 0, 19000, 0, 0, 0, 1, 0, 1, 0, 0, 0, [1552507678812118000, 1552507678812118000, 1552507678812120000, 1552507678812120000]]]	tower_0/v/mul_17@GPU-0@ 0:(1001) 1:(1)->(1001) -t f32
v/cg/affine2/weights/read	Identity	GPU-0	 0:(4096x1001)->(4096x1001) -t f32	[[0, 0, 2000, 0, 0, 0, 0, 0, 1, 0, 0, 0, [1552507678750994000, 1552507678750994000, 1552507678750996000, 1552507678750997000]]]	v/cg/affine2/weights/read@GPU-0@ 0:(4096x1001)->(4096x1001) -t f32
tower_0/v/cg/affine2/xw_plus_b	BiasAdd	GPU-0	 0:(128x1001) 1:(1001)->(128x1001) -t f16 -data_format NHWC	[[10000, 0, 27000, 0, 0, 0, 1, 0, 1, 0, 0, 0, [1552507678810056000, 1552507678810056000, 1552507678810066000, 1552507678810066000]]]	tower_0/v/cg/affine2/xw_plus_b@GPU-0@ 0:(128x1001) 1:(1001)->(128x1001) -t f16 -data_format NHWC
tower_0/v/gradients/tower_0/v/cg/conv3/conv2d/Conv2D_grad/Conv2DBackpropFilter	Conv2DBackpropFilter	GPU-0	 0:(128x384x13x13) 1:(4) 2:(128x384x13x13)->(3x3x384x384) -t f16 -data_format NHWC -p s -cudnn 1	[[8468000, 0, 8557000, 0, 0, 0, 1, 0, 1, 0, 0, 0, [1552507678858881000, 1552507678858881000, 1552507678867402000, 1552507678867402000]]]	tower_0/v/gradients/tower_0/v/cg/conv3/conv2d/Conv2D_grad/Conv2DBackpropFilter@GPU-0@ 0:(128x384x13x13) 1:(4) 2:(128x384x13x13)->(3x3x384x384) -t f16 -data_format NHWC -p s -cudnn 1
tower_0/v/cg/dropout0_1/dropout/dropout/div	Mul	GPU-0	 0:(1) 1:(128x4096)->(128x4096) -t f16	[[20000, 0, 38000, 0, 0, 0, 1, 0, 1, 0, 0, 0, [1552507678809597000, 1552507678809597000, 1552507678809617000, 1552507678809617000]]]	tower_0/v/cg/dropout0_1/dropout/dropout/div@GPU-0@ 0:(1) 1:(128x4096)->(128x4096) -t f16
tower_0/v/mul_13	Mul	GPU-0	 0:(4096) 1:(1)->(4096) -t f32	[[2000, 0, 21000, 0, 0, 0, 1, 0, 1, 0, 0, 0, [1552507678830745000, 1552507678830745000, 1552507678830747000, 1552507678830747000]]]	tower_0/v/mul_13@GPU-0@ 0:(4096) 1:(1)->(4096) -t f32
tower_0/v/gradients/tower_0/v/cg/dropout0/dropout/dropout/mul_grad/Mul	Mul	GPU-0	 0:(1) 1:(128x4096)->(128x4096) -t f16	[[19000, 0, 37000, 0, 0, 0, 1, 0, 1, 0, 0, 0, [1552507678772395000, 1552507678772395000, 1552507678772414000, 1552507678772414000]]]	tower_0/v/gradients/tower_0/v/cg/dropout0/dropout/dropout/mul_grad/Mul@GPU-0@ 0:(1) 1:(128x4096)->(128x4096) -t f16
v/cg/affine0/weights/read	Identity	GPU-0	 0:(9216x4096)->(9216x4096) -t f32	[[0, 0, 1000, 0, 0, 0, 0, 0, 1, 0, 0, 0, [1552507678751170000, 1552507678751170000, 1552507678751171000, 1552507678751172000]]]	v/cg/affine0/weights/read@GPU-0@ 0:(9216x4096)->(9216x4096) -t f32
tower_0/v/gradients/tower_0/v/cg/mpool0/MaxPool_grad/MaxPoolGrad	MaxPoolGrad	GPU-0	 0:(128x64x55x55) 1:(128x64x27x27) 2:(128x64x27x27)->(128x64x55x55) -t f16 -data_format NHWC -ksize list { i: 1 i: 3 i: 3 i: 1} -strides 1 2 2 1	[[1463000, 0, 1491000, 0, 0, 0, 1, 0, 1, 0, 0, 0, [1552507678892518000, 1552507678892518000, 1552507678893981000, 1552507678893981000]]]	tower_0/v/gradients/tower_0/v/cg/mpool0/MaxPool_grad/MaxPoolGrad@GPU-0@ 0:(128x64x55x55) 1:(128x64x27x27) 2:(128x64x27x27)->(128x64x55x55) -t f16 -data_format NHWC -ksize list { i: 1 i: 3 i: 3 i: 1} -strides 1 2 2 1
v/cg/affine0/biases/read	Identity	GPU-0	 0:(4096)->(4096) -t f32	[[0, 0, 1000, 0, 0, 0, 0, 0, 1, 0, 0, 0, [1552507678751166000, 1552507678751166000, 1552507678751167000, 1552507678751169000]]]	v/cg/affine0/biases/read@GPU-0@ 0:(4096)->(4096) -t f32
tower_0/v/mul_3	Mul	GPU-0	 0:(64) 1:(1)->(64) -t f32	[[1000, 0, 18000, 0, 0, 0, 1, 0, 1, 0, 0, 0, [1552507678904112000, 1552507678904112000, 1552507678904113000, 1552507678904113000]]]	tower_0/v/mul_3@GPU-0@ 0:(64) 1:(1)->(64) -t f32
v/cg/conv0/conv2d/kernel	VariableV2	GPU-0	 0:(none)->(11x11x3x64) -t f32	[[0, 0, 2000, 0, 0, 0, 0, 0, 1, 0, 0, 0, [1552507678750897000, 1552507678750897000, 1552507678750899000, 1552507678750900000]]]	v/cg/conv0/conv2d/kernel@GPU-0@ 0:(none)->(11x11x3x64) -t f32
PermConstNHWCToNCHW-LayoutOptimizer	Const	GPU-0	 0:(none)->(4)	[[0, 0, 1000, 0, 0, 0, 0, 0, 1, 0, 0, 0, [1552507678750894000, 1552507678750894000, 1552507678750895000, 1552507678750896000]]]	PermConstNHWCToNCHW-LayoutOptimizer@GPU-0@ 0:(none)->(4)
inc_global_step/AssignAdd	AssignAdd	CPU-0	 0:(1) 1:(1)->(1) -t i64 -use_locking 0	[[0, 0, 0, 3000, 0, 0, 0, 0, 0, 1, 0, 0, [1552507678904344000, 1552507678904344000, 1552507678904347000, 1552507678904349000]]]	inc_global_step/AssignAdd@CPU-0@ 0:(1) 1:(1)->(1) -t i64 -use_locking 0
tower_0/v/gradients/tower_0/v/cg/conv4/conv2d/Conv2D_grad/Conv2DBackpropInput-0-LayoutOptimizer	Const	GPU-0	 0:(none)->(4)	[[0, 0, 1000, 0, 0, 0, 0, 0, 1, 0, 0, 0, [1552507678798393000, 1552507678798394000, 1552507678798395000, 1552507678798396000]]]	tower_0/v/gradients/tower_0/v/cg/conv4/conv2d/Conv2D_grad/Conv2DBackpropInput-0-LayoutOptimizer@GPU-0@ 0:(none)->(4)
append_apply_gradient_ops/GradientDescent/update_v/cg/conv2/biases/ApplyGradientDescent	ApplyGradientDescent	GPU-0	 0:(384) 1:(1) 2:(384)->(384) -t f32 -use_locking 0	[[2000, 0, 20000, 0, 0, 0, 1, 0, 1, 0, 0, 0, [1552507678894074000, 1552507678894074000, 1552507678894076000, 1552507678894076000]]]	append_apply_gradient_ops/GradientDescent/update_v/cg/conv2/biases/ApplyGradientDescent@GPU-0@ 0:(384) 1:(1) 2:(384)->(384) -t f32 -use_locking 0
